CREATE TABLE IF NOT EXISTS Deslocamento (
EntrevistadoId BIGINT NOT NULL,
TransporteId INT NOT NULL
);

INSERT INTO Deslocamento(EntrevistadoId, TransporteId) VALUES
(11196291770, 6),
(11196082704, 6),
(11195960626, 6),
(11195179464, 6),
(11192851224, 6),
(11192819794, 6),
(11192712341, 6),
(11192569750, 6),
(11192084771, 6),
(11191938452, 6),
(11191852624, 6),
(11191760230, 6),
(11191610756, 6),
(11191507447, 6),
(11191497815, 6),
(11188845460, 6),
(11188836617, 6),
(11188801369, 6),
(11188512936, 6),
(11188483765, 6),
(11188435407, 6),
(11188330886, 6),
(11188253093, 6),
(11188207494, 6),
(11188021072, 6),
(11188002861, 6),
(11187840271, 6),
(11187826432, 6),
(11187813009, 6),
(11186506270, 6),
(11186503238, 6),
(11186471915, 6),
(11186408075, 6),
(11186402510, 6),
(11186315357, 6),
(11186312908, 6),
(11186279873, 6),
(11186268838, 6),
(11186248138, 6),
(11186242842, 6),
(11186211374, 6),
(11186178814, 6),
(11186147841, 6),
(11186142791, 6),
(11186117474, 6),
(11186071894, 6),
(11186010139, 6),
(11185282731, 6),
(11185277778, 6),
(11185273586, 6),
(11185187904, 6),
(11185186874, 6),
(11185179262, 6),
(11185146451, 6),
(11185114496, 6),
(11185076351, 6),
(11184881882, 6),
(11184863242, 6),
(11184851193, 6),
(11184844024, 6),
(11184836356, 6),
(11184820860, 6),
(11184816743, 6),
(11184815125, 6),
(11184811222, 6),
(11184794360, 6),
(11184776193, 6),
(11184757595, 6),
(11184744835, 6),
(11183834370, 6),
(11183789095, 6),
(11183738891, 6),
(11183651749, 6),
(11183541957, 6),
(11183524697, 6),
(11183432073, 6),
(11183411180, 6),
(11183358931, 6),
(11176577651, 6),
(11175912594, 6),
(11175877344, 6),
(11196632526, 4),
(11196412624, 4),
(11196209652, 4),
(11196204739, 4),
(11196165983, 4),
(11196053440, 4),
(11196007896, 4),
(11195960626, 4),
(11195955258, 4),
(11195934544, 4),
(11195928266, 4),
(11195881208, 4),
(11195868087, 4),
(11195217771, 4),
(11194961054, 4),
(11194900330, 4),
(11194891989, 4),
(11194849863, 4),
(11194843964, 4),
(11194813341, 4),
(11194750007, 4),
(11194745843, 4),
(11194696722, 4),
(11194668213, 4),
(11193079846, 4),
(11193015885, 4),
(11193001622, 4),
(11192969252, 4),
(11192825924, 4),
(11192823616, 4),
(11192819794, 4),
(11192787953, 4),
(11192766339, 4),
(11192747710, 4),
(11192712341, 4),
(11192672998, 4),
(11192670902, 4),
(11192528263, 4),
(11192084771, 4),
(11191885948, 4),
(11191790774, 4),
(11191772139, 4),
(11191706026, 4),
(11191619369, 4),
(11191579200, 4),
(11191521646, 4),
(11191497815, 4),
(11191449636, 4),
(11191367629, 4),
(11191338482, 4),
(11189360205, 4),
(11189086296, 4),
(11188980803, 4),
(11188801369, 4),
(11188747446, 4),
(11188745893, 4),
(11188701643, 4),
(11188679264, 4),
(11188571079, 4),
(11188533142, 4),
(11188523579, 4),
(11188483765, 4),
(11188467507, 4),
(11188283528, 4),
(11188206285, 4),
(11188177655, 4),
(11188155017, 4),
(11188108075, 4),
(11188091395, 4),
(11188076934, 4),
(11188050885, 4),
(11188026304, 4),
(11188024310, 4),
(11188013281, 4),
(11188002861, 4),
(11187966922, 4),
(11187965830, 4),
(11187918050, 4),
(11187889785, 4),
(11187870687, 4),
(11187862632, 4),
(11186532196, 4),
(11186503238, 4),
(11186497432, 4),
(11186491391, 4),
(11186485667, 4),
(11186482046, 4),
(11186471915, 4),
(11186466504, 4),
(11186452675, 4),
(11186421964, 4),
(11186413914, 4),
(11186408075, 4),
(11186402510, 4),
(11186389992, 4),
(11186380341, 4),
(11186374560, 4),
(11186358102, 4),
(11186303426, 4),
(11186296440, 4),
(11186292411, 4),
(11186279873, 4),
(11186268838, 4),
(11186252284, 4),
(11186251272, 4),
(11186248138, 4),
(11186236777, 4),
(11186217794, 4),
(11186186595, 4),
(11186180419, 4),
(11186169877, 4),
(11186165519, 4),
(11186165371, 4),
(11186159516, 4),
(11186154846, 4),
(11186147991, 4),
(11186143906, 4),
(11186138448, 4),
(11186134658, 4),
(11186134232, 4),
(11186126909, 4),
(11186125505, 4),
(11186108176, 4),
(11186099132, 4),
(11185265564, 4),
(11185249349, 4),
(11185216583, 4),
(11185206627, 4),
(11185201389, 4),
(11185190630, 4),
(11185188666, 4),
(11185186874, 4),
(11185182850, 4),
(11185179262, 4),
(11185171203, 4),
(11185162496, 4),
(11185138749, 4),
(11185123485, 4),
(11185121981, 4),
(11185114653, 4),
(11185104389, 4),
(11185102387, 4),
(11185092616, 4),
(11185091378, 4),
(11185086060, 4),
(11185084903, 4),
(11185061689, 4),
(11185058532, 4),
(11185036094, 4),
(11185027456, 4),
(11185024117, 4),
(11185018481, 4),
(11185008480, 4),
(11185001407, 4),
(11184996904, 4),
(11184988898, 4),
(11184972816, 4),
(11184957875, 4),
(11184951045, 4),
(11184942981, 4),
(11184936131, 4),
(11184935409, 4),
(11184930583, 4),
(11184928065, 4),
(11184923465, 4),
(11184915200, 4),
(11184915178, 4),
(11184910007, 4),
(11184906726, 4),
(11184894937, 4),
(11184892505, 4),
(11184879831, 4),
(11184857575, 4),
(11184854712, 4),
(11184854362, 4),
(11184853533, 4),
(11184851193, 4),
(11184845260, 4),
(11184844475, 4),
(11184844024, 4),
(11184835233, 4),
(11184834511, 4),
(11184830740, 4),
(11184829731, 4),
(11184828113, 4),
(11184826965, 4),
(11184825322, 4),
(11184824061, 4),
(11184822699, 4),
(11184816743, 4),
(11184807979, 4),
(11184807843, 4),
(11184807396, 4),
(11184803113, 4),
(11184798668, 4),
(11184796811, 4),
(11184788787, 4),
(11184785706, 4),
(11184784605, 4),
(11184784475, 4),
(11184782791, 4),
(11184773705, 4),
(11184753585, 4),
(11184145224, 4),
(11183952368, 4),
(11183917230, 4),
(11183876149, 4),
(11183843595, 4),
(11183829380, 4),
(11183793931, 4),
(11183753130, 4),
(11183750908, 4),
(11183738177, 4),
(11183707552, 4),
(11183701801, 4),
(11183700668, 4),
(11183700351, 4),
(11183658236, 4),
(11183408738, 4),
(11183399453, 4),
(11183395616, 4),
(11183340402, 4),
(11183336516, 4),
(11183333998, 4),
(11183325898, 4),
(11183305939, 4),
(11183283550, 4),
(11176647420, 4),
(11176607355, 4),
(11176594485, 4),
(11176577651, 4),
(11176551456, 4),
(11176535785, 4),
(11176504859, 4),
(11176457360, 4),
(11176176050, 4),
(11176136921, 4),
(11176033972, 4),
(11176021014, 4),
(11175986212, 4),
(11175877344, 4),
(11175868883, 4),
(11196554165, 1),
(11196412624, 1),
(11196053440, 1),
(11193005806, 1),
(11192941992, 1),
(11192912689, 1),
(11192825924, 1),
(11192712341, 1),
(11186236777, 1),
(11186205020, 1),
(11186196986, 1),
(11186142791, 1),
(11185167237, 1),
(11185043594, 1),
(11184936131, 1),
(11184844521, 1),
(11184833278, 1),
(11184815125, 1),
(11184807979, 1),
(11184757595, 1),
(11193077706, 5),
(11192819794, 5),
(11192787953, 5),
(11192409761, 5),
(11191497815, 5),
(11186240187, 5),
(11186086570, 5),
(11185212086, 5),
(11185121981, 5),
(11185103932, 5),
(11185102387, 5),
(11183511358, 5),
(11183395616, 5),
(11183281371, 5),
(11176033972, 5),
(11193001622, 3),
(11192912689, 3),
(11192685604, 3),
(11192569750, 3),
(11192367795, 3),
(11188026304, 3),
(11187965830, 3),
(11186429643, 3),
(11186412054, 3),
(11186376927, 3),
(11186325639, 3),
(11186274631, 3),
(11186270848, 3),
(11186228117, 3),
(11186143906, 3),
(11186099132, 3),
(11185103932, 3),
(11184876840, 3),
(11184828113, 3),
(11184753585, 3),
(11175877344, 7),
(11195960626, 2),
(11195798065, 2),
(11195771243, 2),
(11192969252, 2),
(11192896692, 2),
(11192802150, 2),
(11192569750, 2),
(11192523763, 2),
(11192518569, 2),
(11188801369, 2),
(11186532196, 2),
(11186497432, 2),
(11186309572, 2),
(11186294372, 2),
(11186211374, 2),
(11186178814, 2),
(11186063274, 2),
(11186010139, 2),
(11185190630, 2),
(11185186874, 2),
(11185123485, 2),
(11185104389, 2),
(11184776193, 2),
(11184760696, 2),
(11183505466, 2),
(11183432073, 2),
(11184892989, 8)
;

CREATE TABLE IF NOT EXISTS Entrevistado (
EntrevistadoId BIGINT NULL,
Sexo VARCHAR(10) NULL,
Idade VARCHAR(3) NULL,
Escolaridade VARCHAR(60) NULL,
RendaFamiliar VARCHAR(90) NULL,
SabePatrimonio VARCHAR(4) NULL
);

INSERT INTO Entrevistado(EntrevistadoId, Sexo, Idade,Escolaridade, RendaFamiliar, SabePatrimonio) VALUES
(11196632526,'Masculino','44','Ensino Superior completo','Entre 7 SM e 10 SM _ RS 6986\,01 a RS 9980\,00','Sim'),
(11196554165,'Feminino','20','Ensino Medio completo_tecnico','Entre 1 SM e 3 SM _ RS 998\,01 a RS 2994\,00','Nao'),
(11196412624,'Feminino','42','Pos-graduacao_ Mestrado_ Doutorado completo','Entre 7 SM e 10 SM _ RS 6986\,01 a RS 9980\,00','Sim'),
(11196320804,'Masculino','28','Ensino Medio completo_tecnico','Entre 3 SM e 5 SM _ RS 2994\,01 a RS 4990\,00','Nao'),
(11196311984,'Masculino','29','Ensino Medio completo_tecnico','Entre 1 SM e 3 SM _ RS 998\,01 a RS 2994\,00','Nao'),
(11196291770,'Masculino','42','Ensino Superior completo','Entre 3 SM e 5 SM _ RS 2994\,01 a RS 4990\,00','Sim'),
(11196279632,'Feminino','43','Ensino Superior completo','Entre 3 SM e 5 SM _ RS 2994\,01 a RS 4990\,00','Sim'),
(11196243395,'Feminino','44','Outro _especifique_','Entre 1 SM e 3 SM _ RS 998\,01 a RS 2994\,00','Sim'),
(11196209652,'Masculino','40','Ensino Superior completo','Entre 5 SM e 7 SM _ RS 4990\,01 a RS 6986\,00','Sim'),
(11196204739,'Feminino','37','Ensino Fundamental completo','NS','Sim'),
(11196165983,'Feminino','24','Ensino Superior completo','Entre 7 SM e 10 SM _ RS 6986\,01 a RS 9980\,00','Sim'),
(11196082704,'Feminino','44','Ensino Medio completo_tecnico','Entre 1 SM e 3 SM _ RS 998\,01 a RS 2994\,00','Sim'),
(11196071920,'Feminino','25','Ensino Medio completo_tecnico','NS','Nao'),
(11196053440,'Masculino','16','Ensino Fundamental completo','Acima de 10 SM _ RS 9980\,00','Nao'),
(11196015887,'Feminino','44','Outro _especifique_','NS','Sim'),
(11196007896,'Feminino','25','Ensino Superior completo','Entre 7 SM e 10 SM _ RS 6986\,01 a RS 9980\,00','Sim'),
(11195992311,'Masculino','33','Ensino Fundamental completo','Entre 1 SM e 3 SM _ RS 998\,01 a RS 2994\,00','Nao'),
(11195990350,'Feminino','46','Sem instrucao formal','Ate 1 SM _ RS 998\,00','Sim'),
(11195973675,'Masculino','40','Ensino Medio completo_tecnico','Entre 1 SM e 3 SM _ RS 998\,01 a RS 2994\,00','Sim'),
(11195960626,'Feminino','21','Ensino Medio completo_tecnico','Ate 1 SM _ RS 998\,00','Sim'),
(11195955258,'Feminino','26','Ensino Superior completo','Entre 1 SM e 3 SM _ RS 998\,01 a RS 2994\,00','Sim'),
(11195934544,'Masculino','42','Ensino Medio completo_tecnico','Entre 3 SM e 5 SM _ RS 2994\,01 a RS 4990\,00','Nao'),
(11195928266,'Feminino','44','Ensino Medio completo_tecnico','Entre 1 SM e 3 SM _ RS 998\,01 a RS 2994\,00','Sim'),
(11195881208,'Feminino','30','Ensino Medio completo_tecnico','Entre 3 SM e 5 SM _ RS 2994\,01 a RS 4990\,00','Nao'),
(11195868087,'Masculino','24','Ensino Medio completo_tecnico','Entre 1 SM e 3 SM _ RS 998\,01 a RS 2994\,00','Nao'),
(11195851262,'Masculino','17','Outro _especifique_','NS','Nao'),
(11195849705,'Feminino','35','Ensino Medio completo_tecnico','Entre 1 SM e 3 SM _ RS 998\,01 a RS 2994\,00','Nao'),
(11195798065,'Feminino','43','Ensino Medio completo_tecnico','Entre 1 SM e 3 SM _ RS 998\,01 a RS 2994\,00','Sim'),
(11195771243,'Feminino','21','Outro _especifique_','NS','Nao'),
(11195744930,'Feminino','38','Sem instrucao formal','Nao possui renda','Nao'),
(11195686950,'Masculino','17','Ensino Medio completo_tecnico','NS','Nao'),
(11195609575,'Feminino','41','Ensino Medio completo_tecnico','Entre 1 SM e 3 SM _ RS 998\,01 a RS 2994\,00','Nao'),
(11195566015,'Feminino','24','Ensino Medio completo_tecnico','Entre 1 SM e 3 SM _ RS 998\,01 a RS 2994\,00','Sim'),
(11195217771,'Masculino','41','Ensino Superior completo','Entre 3 SM e 5 SM _ RS 2994\,01 a RS 4990\,00','Sim'),
(11195193550,'Feminino','16','Outro _especifique_','NS','Nao'),
(11195179464,'Masculino','35','Pos-graduacao_ Mestrado_ Doutorado completo','Acima de 10 SM _ RS 9980\,00','Sim'),
(11195179225,'Masculino','35','Ensino Superior completo','Entre 1 SM e 3 SM _ RS 998\,01 a RS 2994\,00','Sim'),
(11195076282,'Feminino','44','Ensino Medio completo_tecnico','Entre 1 SM e 3 SM _ RS 998\,01 a RS 2994\,00','Nao'),
(11195066219,'Masculino','40','Ensino Medio completo_tecnico','Entre 1 SM e 3 SM _ RS 998\,01 a RS 2994\,00','Sim'),
(11195039754,'Feminino','42','Ensino Superior completo','Entre 1 SM e 3 SM _ RS 998\,01 a RS 2994\,00','Sim'),
(11194989346,'Feminino','40','Ensino Medio completo_tecnico','Entre 1 SM e 3 SM _ RS 998\,01 a RS 2994\,00','Nao'),
(11194961054,'Masculino','21','Outro _especifique_','Entre 5 SM e 7 SM _ RS 4990\,01 a RS 6986\,00','Sim'),
(11194954263,'Masculino','20','Outro _especifique_','Entre 1 SM e 3 SM _ RS 998\,01 a RS 2994\,00','Nao'),
(11194920277,'Feminino','41','Outro _especifique_','Ate 1 SM _ RS 998\,00','Nao'),
(11194900330,'Feminino','32','Ensino Superior completo','NS','Nao'),
(11194891989,'Masculino','26','Outro _especifique_','Entre 1 SM e 3 SM _ RS 998\,01 a RS 2994\,00','Nao'),
(11194849863,'Feminino','16','Outro _especifique_','NS','Nao'),
(11194843964,'Feminino','44','Ensino Superior completo','Entre 5 SM e 7 SM _ RS 4990\,01 a RS 6986\,00','Sim'),
(11194829061,'Feminino','22','Ensino Medio completo_tecnico','Entre 1 SM e 3 SM _ RS 998\,01 a RS 2994\,00','Nao'),
(11194813341,'Feminino','32','Ensino Superior completo','Entre 3 SM e 5 SM _ RS 2994\,01 a RS 4990\,00','Sim'),
(11194803464,'Feminino','34','Ensino Superior completo','Ate 1 SM _ RS 998\,00','Nao'),
(11194788206,'Feminino','44','Ensino Superior completo','Entre 3 SM e 5 SM _ RS 2994\,01 a RS 4990\,00','Sim'),
(11194750007,'Feminino','37','Ensino Superior completo','Nao possui renda','Sim'),
(11194745843,'Masculino','31','Outro _especifique_','Entre 3 SM e 5 SM _ RS 2994\,01 a RS 4990\,00','Nao'),
(11194730478,'Feminino','30','Outro _especifique_','Entre 1 SM e 3 SM _ RS 998\,01 a RS 2994\,00','Sim'),
(11194712396,'Masculino','16','Outro _especifique_','Entre 1 SM e 3 SM _ RS 998\,01 a RS 2994\,00','Nao'),
(11194696722,'Masculino','33','Ensino Medio completo_tecnico','Entre 3 SM e 5 SM _ RS 2994\,01 a RS 4990\,00','Sim'),
(11194685573,'Feminino','39','Ensino Medio completo_tecnico','Entre 1 SM e 3 SM _ RS 998\,01 a RS 2994\,00','Nao'),
(11194668213,'Masculino','25','Outro _especifique_','Entre 5 SM e 7 SM _ RS 4990\,01 a RS 6986\,00','Nao'),
(11193143275,'Masculino','57','Outro _especifique_','NS','Sim'),
(11193106622,'Feminino','67','Ensino Medio completo_tecnico','Entre 1 SM e 3 SM _ RS 998\,01 a RS 2994\,00','Sim'),
(11193079846,'Feminino','66','Ensino Medio completo_tecnico','Entre 5 SM e 7 SM _ RS 4990\,01 a RS 6986\,00','Nao'),
(11193077706,'Masculino','20','Ensino Medio completo_tecnico','NS','Nao'),
(11193056402,'Feminino','43','Ensino Medio completo_tecnico','Entre 1 SM e 3 SM _ RS 998\,01 a RS 2994\,00','Sim'),
(11193015885,'Feminino','46','Ensino Superior completo','Entre 5 SM e 7 SM _ RS 4990\,01 a RS 6986\,00','Sim'),
(11193014352,'Feminino','74','Ensino Medio completo_tecnico','Entre 1 SM e 3 SM _ RS 998\,01 a RS 2994\,00','Sim'),
(11193005806,'Masculino','47','Ensino Superior completo','Acima de 10 SM _ RS 9980\,00','Sim'),
(11193001622,'Masculino','47','Pos-graduacao_ Mestrado_ Doutorado completo','Entre 3 SM e 5 SM _ RS 2994\,01 a RS 4990\,00','Sim'),
(11192969252,'Feminino','56','Ensino Medio completo_tecnico','NS','Sim'),
(11192941992,'Feminino','48','Ensino Medio completo_tecnico','NS','Nao'),
(11192926088,'Feminino','23','Ensino Medio completo_tecnico','NS','Nao'),
(11192912689,'Masculino','40','Ensino Medio completo_tecnico','Entre 1 SM e 3 SM _ RS 998\,01 a RS 2994\,00','Sim'),
(11192896692,'Masculino','30','Ensino Superior completo','Entre 3 SM e 5 SM _ RS 2994\,01 a RS 4990\,00','Sim'),
(11192851224,'Masculino','25','Ensino Medio completo_tecnico','Ate 1 SM _ RS 998\,00','Sim'),
(11192826723,'Feminino','22','Outro _especifique_','Entre 5 SM e 7 SM _ RS 4990\,01 a RS 6986\,00','Nao'),
(11192825924,'Feminino','18','Outro _especifique_','Entre 3 SM e 5 SM _ RS 2994\,01 a RS 4990\,00','Sim'),
(11192823616,'Feminino','29','Ensino Medio completo_tecnico','Entre 3 SM e 5 SM _ RS 2994\,01 a RS 4990\,00','Nao'),
(11192819794,'Masculino','20','Ensino Medio completo_tecnico','Entre 3 SM e 5 SM _ RS 2994\,01 a RS 4990\,00','Nao'),
(11192802150,'Feminino','18','Outro _especifique_','Acima de 10 SM _ RS 9980\,00','Nao'),
(11192787953,'Feminino','32','Ensino Medio completo_tecnico','Entre 5 SM e 7 SM _ RS 4990\,01 a RS 6986\,00','Sim'),
(11192773162,'Feminino','60','Ensino Fundamental completo','Entre 1 SM e 3 SM _ RS 998\,01 a RS 2994\,00','Nao'),
(11192769222,'Feminino','32','Ensino Medio completo_tecnico','Ate 1 SM _ RS 998\,00','Sim'),
(11192766339,'Feminino','55','Ensino Superior completo','Entre 1 SM e 3 SM _ RS 998\,01 a RS 2994\,00','Sim'),
(11192747710,'Feminino','25','Ensino Medio completo_tecnico','Entre 1 SM e 3 SM _ RS 998\,01 a RS 2994\,00','Nao'),
(11192742397,'Feminino','52','Ensino Medio completo_tecnico','Ate 1 SM _ RS 998\,00','Sim'),
(11192717225,'Feminino','37','Ensino Superior completo','Entre 3 SM e 5 SM _ RS 2994\,01 a RS 4990\,00','Nao'),
(11192712341,'Feminino','54','Ensino Superior completo','Entre 7 SM e 10 SM _ RS 6986\,01 a RS 9980\,00','Sim'),
(11192685606,'Feminino','18','Outro _especifique_','Entre 3 SM e 5 SM _ RS 2994\,01 a RS 4990\,00','Sim'),
(11192685604,'Masculino','35','Ensino Medio completo_tecnico','Entre 5 SM e 7 SM _ RS 4990\,01 a RS 6986\,00','Sim'),
(11192672998,'Masculino','36','Ensino Superior completo','Entre 7 SM e 10 SM _ RS 6986\,01 a RS 9980\,00','Sim'),
(11192670902,'Feminino','26','Ensino Medio completo_tecnico','Entre 1 SM e 3 SM _ RS 998\,01 a RS 2994\,00','Sim'),
(11192646613,'Masculino','57','Sem instrucao formal','Ate 1 SM _ RS 998\,00','Nao'),
(11192569750,'Masculino','30','Ensino Fundamental completo','Ate 1 SM _ RS 998\,00','Sim'),
(11192544701,'Masculino','83','Ensino Fundamental completo','Ate 1 SM _ RS 998\,00','Sim'),
(11192528263,'Masculino','46','Ensino Superior completo','Entre 7 SM e 10 SM _ RS 6986\,01 a RS 9980\,00','Sim'),
(11192523763,'Feminino','32','Ensino Superior completo','Entre 1 SM e 3 SM _ RS 998\,01 a RS 2994\,00','Sim'),
(11192518569,'Feminino','57','Ensino Superior completo','NS','Sim'),
(11192497696,'Feminino','60','Ensino Medio completo_tecnico','NS','Sim'),
(11192409761,'Masculino','41','Ensino Medio completo_tecnico','NS','Sim'),
(11192367795,'Feminino','36','Ensino Superior completo','NS','Sim'),
(11192324750,'Feminino','39','Ensino Medio completo_tecnico','NS','Sim'),
(11192308348,'Feminino','43','Ensino Fundamental completo','Ate 1 SM _ RS 998\,00','Nao'),
(11192128490,'Feminino','34','Ensino Fundamental completo','Ate 1 SM _ RS 998\,00','Sim'),
(11192084771,'Masculino','25','Ensino Superior completo','Entre 1 SM e 3 SM _ RS 998\,01 a RS 2994\,00','Nao'),
(11191972912,'Feminino','59','Ensino Fundamental completo','NS','Sim'),
(11191938452,'Feminino','33','Ensino Medio completo_tecnico','Ate 1 SM _ RS 998\,00','Sim'),
(11191928548,'Masculino','29','Ensino Superior completo','Entre 1 SM e 3 SM _ RS 998\,01 a RS 2994\,00','Sim'),
(11191885948,'Feminino','30','Ensino Medio completo_tecnico','Ate 1 SM _ RS 998\,00','Sim'),
(11191865188,'Feminino','28','Ensino Medio completo_tecnico','Entre 1 SM e 3 SM _ RS 998\,01 a RS 2994\,00','Nao'),
(11191864423,'Feminino','27','Ensino Fundamental completo','Nao possui renda','Sim'),
(11191862152,'Feminino','25','Outro _especifique_','Entre 1 SM e 3 SM _ RS 998\,01 a RS 2994\,00','Sim'),
(11191852624,'Masculino','27','Ensino Medio completo_tecnico','Entre 1 SM e 3 SM _ RS 998\,01 a RS 2994\,00','Nao'),
(11191823721,'Feminino','40','Ensino Medio completo_tecnico','Entre 1 SM e 3 SM _ RS 998\,01 a RS 2994\,00','Nao'),
(11191821952,'Feminino','19','Ensino Medio completo_tecnico','Nao possui renda','Sim'),
(11191790774,'Masculino','34','Ensino Superior completo','Entre 3 SM e 5 SM _ RS 2994\,01 a RS 4990\,00','Sim'),
(11191772139,'Masculino','25','Ensino Medio completo_tecnico','Ate 1 SM _ RS 998\,00','Nao'),
(11191760230,'Feminino','43','Ensino Fundamental completo','Ate 1 SM _ RS 998\,00','Sim'),
(11191758181,'Masculino','43','Ensino Medio completo_tecnico','Entre 1 SM e 3 SM _ RS 998\,01 a RS 2994\,00','Sim'),
(11191730643,'Masculino','33','Ensino Medio completo_tecnico','Ate 1 SM _ RS 998\,00','Sim'),
(11191721170,'Feminino','57','Ensino Fundamental completo','Nao possui renda','Sim'),
(11191711496,'Masculino','20','Ensino Medio completo_tecnico','Entre 1 SM e 3 SM _ RS 998\,01 a RS 2994\,00','Nao'),
(11191706026,'Feminino','17','Ensino Fundamental completo','Entre 5 SM e 7 SM _ RS 4990\,01 a RS 6986\,00','Nao'),
(11191691891,'Feminino','35','Ensino Medio completo_tecnico','Entre 1 SM e 3 SM _ RS 998\,01 a RS 2994\,00','Sim'),
(11191669191,'Masculino','25','Ensino Fundamental completo','Ate 1 SM _ RS 998\,00','Nao'),
(11191666012,'Feminino','20','Ensino Medio completo_tecnico','Entre 5 SM e 7 SM _ RS 4990\,01 a RS 6986\,00','Sim'),
(11191626855,'Feminino','57','Ensino Medio completo_tecnico','Entre 1 SM e 3 SM _ RS 998\,01 a RS 2994\,00','Sim'),
(11191619369,'Feminino','48','Ensino Medio completo_tecnico','Entre 7 SM e 10 SM _ RS 6986\,01 a RS 9980\,00','Sim'),
(11191611632,'Feminino','45','Ensino Medio completo_tecnico','NS','Sim'),
(11191610756,'Masculino','27','Ensino Medio completo_tecnico','Ate 1 SM _ RS 998\,00','Nao'),
(11191606877,'Masculino','26','Ensino Superior completo','Entre 3 SM e 5 SM _ RS 2994\,01 a RS 4990\,00','Sim'),
(11191579200,'Feminino','25','Ensino Medio completo_tecnico','Entre 1 SM e 3 SM _ RS 998\,01 a RS 2994\,00','Sim'),
(11191573617,'Feminino','44','Ensino Fundamental completo','Ate 1 SM _ RS 998\,00','Sim'),
(11191569601,'Feminino','80','Ensino Medio completo_tecnico','Entre 1 SM e 3 SM _ RS 998\,01 a RS 2994\,00','Sim'),
(11191554672,'Masculino','59','Ensino Fundamental completo','Entre 5 SM e 7 SM _ RS 4990\,01 a RS 6986\,00','Sim'),
(11191539246,'Masculino','53','Ensino Medio completo_tecnico','Ate 1 SM _ RS 998\,00','Sim'),
(11191531874,'Feminino','53','Ensino Fundamental completo','Ate 1 SM _ RS 998\,00','Nao'),
(11191521646,'Masculino','40','Ensino Medio completo_tecnico','Entre 1 SM e 3 SM _ RS 998\,01 a RS 2994\,00','Nao'),
(11191507447,'Feminino','60','Ensino Fundamental completo','Ate 1 SM _ RS 998\,00','Sim'),
(11191497815,'Masculino','18','Ensino Fundamental completo','NS','Nao'),
(11191494986,'Feminino','18','Ensino Medio completo_tecnico','Entre 1 SM e 3 SM _ RS 998\,01 a RS 2994\,00','Sim'),
(11191474499,'Feminino','67','Ensino Medio completo_tecnico','Entre 7 SM e 10 SM _ RS 6986\,01 a RS 9980\,00','Sim'),
(11191449636,'Feminino','16','Ensino Fundamental completo','Entre 1 SM e 3 SM _ RS 998\,01 a RS 2994\,00','Nao'),
(11191446365,'Masculino','36','Ensino Medio completo_tecnico','Entre 3 SM e 5 SM _ RS 2994\,01 a RS 4990\,00','Nao'),
(11191433164,'Masculino','58','Ensino Fundamental completo','Entre 1 SM e 3 SM _ RS 998\,01 a RS 2994\,00','Nao'),
(11191390100,'Masculino','72','Sem instrucao formal','Entre 1 SM e 3 SM _ RS 998\,01 a RS 2994\,00','Sim'),
(11191367629,'Feminino','23','Outro _especifique_','Nao possui renda','Sim'),
(11191339647,'Masculino','59','Ensino Medio completo_tecnico','Entre 1 SM e 3 SM _ RS 998\,01 a RS 2994\,00','Sim'),
(11191338482,'Feminino','51','Ensino Fundamental completo','Entre 1 SM e 3 SM _ RS 998\,01 a RS 2994\,00','Sim'),
(11191305793,'Masculino','61','Ensino Medio completo_tecnico','Entre 3 SM e 5 SM _ RS 2994\,01 a RS 4990\,00','Sim'),
(11191276000,'Masculino','20','Ensino Fundamental completo','Ate 1 SM _ RS 998\,00','Nao'),
(11191257168,'Feminino','26','Ensino Medio completo_tecnico','Entre 1 SM e 3 SM _ RS 998\,01 a RS 2994\,00','Nao'),
(11191242266,'Masculino','22','Ensino Medio completo_tecnico','Entre 1 SM e 3 SM _ RS 998\,01 a RS 2994\,00','Nao'),
(11191226253,'Feminino','20','Ensino Medio completo_tecnico','Ate 1 SM _ RS 998\,00','Nao'),
(11191212255,'Masculino','49','Ensino Fundamental completo','Entre 1 SM e 3 SM _ RS 998\,01 a RS 2994\,00','Nao'),
(11191197049,'Feminino','38','Ensino Medio completo_tecnico','Entre 1 SM e 3 SM _ RS 998\,01 a RS 2994\,00','Sim'),
(11191171235,'Masculino','43','Ensino Fundamental completo','Ate 1 SM _ RS 998\,00','Nao'),
(11191147687,'Masculino','27','Ensino Fundamental completo','Ate 1 SM _ RS 998\,00','Nao'),
(11191128173,'Masculino','32','Ensino Medio completo_tecnico','Entre 1 SM e 3 SM _ RS 998\,01 a RS 2994\,00','Nao'),
(11189436694,'Feminino','42','Ensino Medio completo_tecnico','Entre 1 SM e 3 SM _ RS 998\,01 a RS 2994\,00','Sim'),
(11189400874,'Feminino','65','Ensino Medio completo_tecnico','Entre 1 SM e 3 SM _ RS 998\,01 a RS 2994\,00','Sim'),
(11189360205,'Feminino','64','Ensino Superior completo','Entre 3 SM e 5 SM _ RS 2994\,01 a RS 4990\,00','Sim'),
(11189156358,'Masculino','51','Ensino Fundamental completo','NS','Sim'),
(11189137538,'Masculino','21','Ensino Medio completo_tecnico','Entre 1 SM e 3 SM _ RS 998\,01 a RS 2994\,00','Nao'),
(11189105475,'Feminino','56','Ensino Medio completo_tecnico','Entre 1 SM e 3 SM _ RS 998\,01 a RS 2994\,00','Sim'),
(11189086296,'Masculino','30','Ensino Medio completo_tecnico','Entre 1 SM e 3 SM _ RS 998\,01 a RS 2994\,00','Nao'),
(11189080269,'Feminino','37','Ensino Medio completo_tecnico','Ate 1 SM _ RS 998\,00','Nao'),
(11189039568,'Masculino','30','Ensino Medio completo_tecnico','Entre 1 SM e 3 SM _ RS 998\,01 a RS 2994\,00','Nao'),
(11189038787,'Feminino','40','Ensino Medio completo_tecnico','Entre 1 SM e 3 SM _ RS 998\,01 a RS 2994\,00','Sim'),
(11188980803,'Feminino','52','Pos-graduacao_ Mestrado_ Doutorado completo','Acima de 10 SM _ RS 9980\,00','Sim'),
(11188974778,'Masculino','16','Ensino Fundamental completo','Entre 1 SM e 3 SM _ RS 998\,01 a RS 2994\,00','Sim'),
(11188959453,'Masculino','52','Ensino Medio completo_tecnico','Entre 1 SM e 3 SM _ RS 998\,01 a RS 2994\,00','Nao'),
(11188891737,'Feminino','53','Ensino Fundamental completo','Ate 1 SM _ RS 998\,00','Nao'),
(11188877410,'Masculino','33','Ensino Fundamental completo','Entre 1 SM e 3 SM _ RS 998\,01 a RS 2994\,00','Sim'),
(11188865039,'Feminino','45','Ensino Medio completo_tecnico','Entre 1 SM e 3 SM _ RS 998\,01 a RS 2994\,00','Nao'),
(11188845460,'Feminino','50','Ensino Superior completo','NS','Sim'),
(11188836617,'Feminino','38','Ensino Medio completo_tecnico','Entre 1 SM e 3 SM _ RS 998\,01 a RS 2994\,00','Sim'),
(11188823977,'Masculino','25','Ensino Superior completo','Entre 1 SM e 3 SM _ RS 998\,01 a RS 2994\,00','Nao'),
(11188814666,'Feminino','50','Ensino Medio completo_tecnico','Entre 3 SM e 5 SM _ RS 2994\,01 a RS 4990\,00','Sim'),
(11188801369,'Feminino','25','Outro _especifique_','Entre 1 SM e 3 SM _ RS 998\,01 a RS 2994\,00','Sim'),
(11188747446,'Feminino','27','Ensino Medio completo_tecnico','Entre 1 SM e 3 SM _ RS 998\,01 a RS 2994\,00','Sim'),
(11188747380,'Feminino','26','Ensino Medio completo_tecnico','Ate 1 SM _ RS 998\,00','Sim'),
(11188745893,'Masculino','24','Outro _especifique_','Entre 1 SM e 3 SM _ RS 998\,01 a RS 2994\,00','Nao'),
(11188701643,'Feminino','34','Ensino Superior completo','Entre 3 SM e 5 SM _ RS 2994\,01 a RS 4990\,00','Sim'),
(11188679264,'Feminino','35','Ensino Medio completo_tecnico','Entre 1 SM e 3 SM _ RS 998\,01 a RS 2994\,00','Nao'),
(11188652386,'Masculino','22','Ensino Medio completo_tecnico','Entre 1 SM e 3 SM _ RS 998\,01 a RS 2994\,00','Sim'),
(11188648353,'Feminino','26','Ensino Superior completo','Entre 3 SM e 5 SM _ RS 2994\,01 a RS 4990\,00','Sim'),
(11188610512,'Feminino','28','Ensino Superior completo','Entre 3 SM e 5 SM _ RS 2994\,01 a RS 4990\,00','Sim'),
(11188583710,'Masculino','66','Ensino Fundamental completo','Entre 1 SM e 3 SM _ RS 998\,01 a RS 2994\,00','Sim'),
(11188571079,'Feminino','63','Ensino Fundamental completo','Entre 1 SM e 3 SM _ RS 998\,01 a RS 2994\,00','Nao'),
(11188533142,'Feminino','34','Ensino Medio completo_tecnico','NS','Nao'),
(11188523579,'Feminino','32','Ensino Superior completo','Entre 7 SM e 10 SM _ RS 6986\,01 a RS 9980\,00','Nao'),
(11188512936,'Masculino','31','Ensino Medio completo_tecnico','Entre 1 SM e 3 SM _ RS 998\,01 a RS 2994\,00','Sim'),
(11188490590,'Feminino','43','Outro _especifique_','Entre 1 SM e 3 SM _ RS 998\,01 a RS 2994\,00','Sim'),
(11188483765,'Feminino','37','Ensino Medio completo_tecnico','Entre 1 SM e 3 SM _ RS 998\,01 a RS 2994\,00','Sim'),
(11188467507,'Masculino','36','Ensino Superior completo','Entre 3 SM e 5 SM _ RS 2994\,01 a RS 4990\,00','Sim'),
(11188437445,'Feminino','22','Ensino Medio completo_tecnico','Ate 1 SM _ RS 998\,00','Nao'),
(11188435407,'Feminino','39','Ensino Medio completo_tecnico','Ate 1 SM _ RS 998\,00','Nao'),
(11188330886,'Masculino','21','Ensino Medio completo_tecnico','Entre 1 SM e 3 SM _ RS 998\,01 a RS 2994\,00','Sim'),
(11188322618,'Feminino','55','Ensino Fundamental completo','Entre 1 SM e 3 SM _ RS 998\,01 a RS 2994\,00','Sim'),
(11188317590,'Masculino','62','Ensino Fundamental completo','Entre 1 SM e 3 SM _ RS 998\,01 a RS 2994\,00','Nao'),
(11188293899,'Masculino','25','Ensino Medio completo_tecnico','Entre 3 SM e 5 SM _ RS 2994\,01 a RS 4990\,00','Nao'),
(11188283528,'Masculino','56','Ensino Medio completo_tecnico','Entre 7 SM e 10 SM _ RS 6986\,01 a RS 9980\,00','Sim'),
(11188267654,'Masculino','50','Ensino Fundamental completo','Ate 1 SM _ RS 998\,00','Nao'),
(11188260275,'Masculino','24','Ensino Medio completo_tecnico','Entre 3 SM e 5 SM _ RS 2994\,01 a RS 4990\,00','Nao'),
(11188253093,'Masculino','16','Ensino Fundamental completo','Entre 1 SM e 3 SM _ RS 998\,01 a RS 2994\,00','Sim'),
(11188246928,'Masculino','37','Ensino Medio completo_tecnico','Ate 1 SM _ RS 998\,00','Sim'),
(11188245784,'Feminino','46','Ensino Fundamental completo','Ate 1 SM _ RS 998\,00','Sim'),
(11188245398,'Masculino','24','Ensino Medio completo_tecnico','Entre 1 SM e 3 SM _ RS 998\,01 a RS 2994\,00','Sim'),
(11188218871,'Feminino','16','Ensino Fundamental completo','Nao possui renda','Nao'),
(11188207494,'Masculino','49','Ensino Superior completo','Entre 7 SM e 10 SM _ RS 6986\,01 a RS 9980\,00','Sim'),
(11188206285,'Feminino','16','Outro _especifique_','NS','Nao'),
(11188201919,'Feminino','36','Ensino Fundamental completo','Nao possui renda','Nao'),
(11188187118,'Feminino','28','Ensino Medio completo_tecnico','Ate 1 SM _ RS 998\,00','Nao'),
(11188177655,'Feminino','36','Outro _especifique_','Entre 1 SM e 3 SM _ RS 998\,01 a RS 2994\,00','Nao'),
(11188169152,'Feminino','64','Ensino Fundamental completo','Ate 1 SM _ RS 998\,00','Sim'),
(11188169002,'Feminino','53','Ensino Medio completo_tecnico','Entre 1 SM e 3 SM _ RS 998\,01 a RS 2994\,00','Sim'),
(11188155017,'Feminino','44','Ensino Fundamental completo','Ate 1 SM _ RS 998\,00','Sim'),
(11188150857,'Masculino','26','Ensino Medio completo_tecnico','Entre 1 SM e 3 SM _ RS 998\,01 a RS 2994\,00','Nao'),
(11188149720,'Masculino','69','Ensino Fundamental completo','Ate 1 SM _ RS 998\,00','Sim'),
(11188108075,'Feminino','40','Ensino Superior completo','Entre 3 SM e 5 SM _ RS 2994\,01 a RS 4990\,00','Sim'),
(11188091395,'Feminino','48','Ensino Superior completo','Entre 3 SM e 5 SM _ RS 2994\,01 a RS 4990\,00','Sim'),
(11188083061,'Feminino','18','Ensino Medio completo_tecnico','Entre 1 SM e 3 SM _ RS 998\,01 a RS 2994\,00','Sim'),
(11188076934,'Masculino','41','Ensino Fundamental completo','Entre 3 SM e 5 SM _ RS 2994\,01 a RS 4990\,00','Sim'),
(11188053422,'Masculino','53','Ensino Fundamental completo','Entre 5 SM e 7 SM _ RS 4990\,01 a RS 6986\,00','Nao'),
(11188052580,'Feminino','51','Ensino Medio completo_tecnico','Ate 1 SM _ RS 998\,00','Nao'),
(11188050885,'Masculino','64','Ensino Fundamental completo','Ate 1 SM _ RS 998\,00','Nao'),
(11188033722,'Masculino','39','Outro _especifique_','NS','Sim'),
(11188026304,'Masculino','35','Ensino Medio completo_tecnico','NS','Sim'),
(11188024310,'Feminino','55','Ensino Medio completo_tecnico','Entre 1 SM e 3 SM _ RS 998\,01 a RS 2994\,00','Sim'),
(11188021072,'Feminino','31','Ensino Fundamental completo','Ate 1 SM _ RS 998\,00','Nao'),
(11188014226,'Feminino','58','Ensino Fundamental completo','NS','Sim'),
(11188013281,'Masculino','56','Ensino Superior completo','Entre 5 SM e 7 SM _ RS 4990\,01 a RS 6986\,00','Sim'),
(11188004007,'Feminino','65','Sem instrucao formal','Ate 1 SM _ RS 998\,00','Sim'),
(11188002861,'Feminino','60','Ensino Medio completo_tecnico','Entre 3 SM e 5 SM _ RS 2994\,01 a RS 4990\,00','Sim'),
(11188001527,'Feminino','83','Ensino Medio completo_tecnico','Entre 5 SM e 7 SM _ RS 4990\,01 a RS 6986\,00','Sim'),
(11187999120,'Feminino','23','Outro _especifique_','Entre 1 SM e 3 SM _ RS 998\,01 a RS 2994\,00','Sim'),
(11187986619,'Feminino','69','Ensino Medio completo_tecnico','Ate 1 SM _ RS 998\,00','Sim'),
(11187971664,'Masculino','38','Ensino Superior completo','Entre 1 SM e 3 SM _ RS 998\,01 a RS 2994\,00','Sim'),
(11187966922,'Masculino','68','Ensino Superior completo','Acima de 10 SM _ RS 9980\,00','Sim'),
(11187965830,'Feminino','30','Ensino Medio completo_tecnico','Entre 3 SM e 5 SM _ RS 2994\,01 a RS 4990\,00','Nao'),
(11187953173,'Feminino','16','Outro _especifique_','Entre 1 SM e 3 SM _ RS 998\,01 a RS 2994\,00','Nao'),
(11187942862,'Masculino','19','Ensino Fundamental completo','Ate 1 SM _ RS 998\,00','Nao'),
(11187934321,'Feminino','51','Ensino Medio completo_tecnico','Entre 1 SM e 3 SM _ RS 998\,01 a RS 2994\,00','Sim'),
(11187920695,'Masculino','77','Ensino Medio completo_tecnico','Entre 1 SM e 3 SM _ RS 998\,01 a RS 2994\,00','Sim'),
(11187918050,'Feminino','59','Ensino Medio completo_tecnico','Entre 5 SM e 7 SM _ RS 4990\,01 a RS 6986\,00','Sim'),
(11187909802,'Feminino','85','Ensino Medio completo_tecnico','Ate 1 SM _ RS 998\,00','Sim'),
(11187908376,'Feminino','53','Ensino Medio completo_tecnico','Ate 1 SM _ RS 998\,00','Sim'),
(11187889785,'Feminino','52','Ensino Superior completo','Entre 7 SM e 10 SM _ RS 6986\,01 a RS 9980\,00','Sim'),
(11187870687,'Feminino','63','Ensino Superior completo','NS','Sim'),
(11187862632,'Masculino','50','Ensino Fundamental completo','Entre 3 SM e 5 SM _ RS 2994\,01 a RS 4990\,00','Sim'),
(11187840271,'Feminino','24','Ensino Medio completo_tecnico','Entre 3 SM e 5 SM _ RS 2994\,01 a RS 4990\,00','Nao'),
(11187826432,'Masculino','22','Ensino Medio completo_tecnico','Entre 3 SM e 5 SM _ RS 2994\,01 a RS 4990\,00','Sim'),
(11187813009,'Masculino','61','Ensino Fundamental completo','NS','Sim'),
(11186534754,'Feminino','27','Ensino Medio completo_tecnico','Entre 1 SM e 3 SM _ RS 998\,01 a RS 2994\,00','Nao'),
(11186532196,'Feminino','44','Ensino Medio completo_tecnico','Entre 1 SM e 3 SM _ RS 998\,01 a RS 2994\,00','Sim'),
(11186532141,'Feminino','18','Ensino Fundamental completo','NS','Nao'),
(11186527797,'Feminino','71','Ensino Superior completo','Entre 3 SM e 5 SM _ RS 2994\,01 a RS 4990\,00','Nao'),
(11186506270,'Masculino','37','Ensino Medio completo_tecnico','Ate 1 SM _ RS 998\,00','Sim'),
(11186503238,'Feminino','65','Pos-graduacao_ Mestrado_ Doutorado completo','NS','Nao'),
(11186499495,'Masculino','33','Ensino Fundamental completo','Ate 1 SM _ RS 998\,00','Nao'),
(11186497432,'Feminino','16','Ensino Fundamental completo','Entre 1 SM e 3 SM _ RS 998\,01 a RS 2994\,00','Nao'),
(11186491391,'Masculino','26','Ensino Medio completo_tecnico','Entre 1 SM e 3 SM _ RS 998\,01 a RS 2994\,00','Sim'),
(11186490197,'Masculino','21','Ensino Fundamental completo','Ate 1 SM _ RS 998\,00','Nao'),
(11186485667,'Masculino','34','Ensino Fundamental completo','NS','Nao'),
(11186482046,'Masculino','20','Ensino Medio completo_tecnico','Entre 3 SM e 5 SM _ RS 2994\,01 a RS 4990\,00','Sim'),
(11186481461,'Feminino','58','Ensino Fundamental completo','Entre 1 SM e 3 SM _ RS 998\,01 a RS 2994\,00','Nao'),
(11186471915,'Feminino','33','Ensino Medio completo_tecnico','Entre 1 SM e 3 SM _ RS 998\,01 a RS 2994\,00','Sim'),
(11186471579,'Feminino','65','Ensino Fundamental completo','Entre 1 SM e 3 SM _ RS 998\,01 a RS 2994\,00','Sim'),
(11186466504,'Feminino','65','Ensino Superior completo','NS','Sim'),
(11186454604,'Feminino','82','Ensino Superior completo','NS','Sim'),
(11186452675,'Masculino','57','Ensino Superior completo','Entre 5 SM e 7 SM _ RS 4990\,01 a RS 6986\,00','Sim'),
(11186442374,'Feminino','66','Ensino Superior completo','Entre 3 SM e 5 SM _ RS 2994\,01 a RS 4990\,00','Sim'),
(11186430066,'Feminino','78','Ensino Medio completo_tecnico','NS','Sim'),
(11186429643,'Masculino','48','Ensino Medio completo_tecnico','Entre 3 SM e 5 SM _ RS 2994\,01 a RS 4990\,00','Sim'),
(11186421964,'Masculino','59','Ensino Fundamental completo','Entre 3 SM e 5 SM _ RS 2994\,01 a RS 4990\,00','Sim'),
(11186416684,'Feminino','77','Ensino Medio completo_tecnico','Entre 1 SM e 3 SM _ RS 998\,01 a RS 2994\,00','Nao'),
(11186413914,'Masculino','67','Ensino Medio completo_tecnico','Entre 1 SM e 3 SM _ RS 998\,01 a RS 2994\,00','Sim'),
(11186412054,'Masculino','37','Ensino Superior completo','NS','Nao'),
(11186408766,'Masculino','22','Ensino Fundamental completo','Ate 1 SM _ RS 998\,00','Sim'),
(11186408075,'Feminino','34','Ensino Superior completo','Entre 3 SM e 5 SM _ RS 2994\,01 a RS 4990\,00','Sim'),
(11186402510,'Masculino','48','Ensino Medio completo_tecnico','NS','Sim'),
(11186395948,'Feminino','45','Ensino Medio completo_tecnico','Entre 1 SM e 3 SM _ RS 998\,01 a RS 2994\,00','Sim'),
(11186391163,'Masculino','76','Ensino Fundamental completo','Entre 1 SM e 3 SM _ RS 998\,01 a RS 2994\,00','Sim'),
(11186390852,'Feminino','20','Ensino Medio completo_tecnico','Entre 1 SM e 3 SM _ RS 998\,01 a RS 2994\,00','Sim'),
(11186389992,'Feminino','65','Ensino Medio completo_tecnico','Entre 1 SM e 3 SM _ RS 998\,01 a RS 2994\,00','Sim'),
(11186389247,'Feminino','37','Ensino Medio completo_tecnico','Entre 1 SM e 3 SM _ RS 998\,01 a RS 2994\,00','Nao'),
(11186387900,'Feminino','22','Ensino Medio completo_tecnico','Entre 1 SM e 3 SM _ RS 998\,01 a RS 2994\,00','Sim'),
(11186383178,'Feminino','31','Ensino Medio completo_tecnico','Entre 1 SM e 3 SM _ RS 998\,01 a RS 2994\,00','Nao'),
(11186380341,'Feminino','34','Pos-graduacao_ Mestrado_ Doutorado completo','NS','Sim'),
(11186376927,'Masculino','49','Ensino Medio completo_tecnico','Entre 1 SM e 3 SM _ RS 998\,01 a RS 2994\,00','Sim'),
(11186374560,'Feminino','70','Ensino Fundamental completo','Entre 1 SM e 3 SM _ RS 998\,01 a RS 2994\,00','Nao'),
(11186372598,'Masculino','18','Outro _especifique_','Entre 1 SM e 3 SM _ RS 998\,01 a RS 2994\,00','Sim'),
(11186369731,'Feminino','34','Ensino Superior completo','Entre 7 SM e 10 SM _ RS 6986\,01 a RS 9980\,00','Sim'),
(11186361028,'Feminino','35','Ensino Medio completo_tecnico','Entre 1 SM e 3 SM _ RS 998\,01 a RS 2994\,00','Sim'),
(11186358208,'Masculino','52','Ensino Fundamental completo','Entre 3 SM e 5 SM _ RS 2994\,01 a RS 4990\,00','Sim'),
(11186358102,'Masculino','59','Ensino Superior completo','Entre 3 SM e 5 SM _ RS 2994\,01 a RS 4990\,00','Sim'),
(11186353595,'Feminino','30','Ensino Medio completo_tecnico','Entre 3 SM e 5 SM _ RS 2994\,01 a RS 4990\,00','Sim'),
(11186346564,'Masculino','45','Ensino Medio completo_tecnico','Entre 1 SM e 3 SM _ RS 998\,01 a RS 2994\,00','Sim'),
(11186342724,'Masculino','20','Ensino Medio completo_tecnico','Entre 1 SM e 3 SM _ RS 998\,01 a RS 2994\,00','Sim'),
(11186335526,'Feminino','37','Ensino Medio completo_tecnico','Entre 1 SM e 3 SM _ RS 998\,01 a RS 2994\,00','Nao'),
(11186325639,'Masculino','18','Ensino Fundamental completo','Entre 1 SM e 3 SM _ RS 998\,01 a RS 2994\,00','Sim'),
(11186319236,'Feminino','72','Ensino Fundamental completo','Nao possui renda','Nao'),
(11186315357,'Masculino','35','Ensino Fundamental completo','Entre 1 SM e 3 SM _ RS 998\,01 a RS 2994\,00','Nao'),
(11186312908,'Masculino','16','Ensino Fundamental completo','Ate 1 SM _ RS 998\,00','Nao'),
(11186309572,'Feminino','18','Ensino Medio completo_tecnico','Ate 1 SM _ RS 998\,00','Sim'),
(11186303426,'Masculino','44','Ensino Medio completo_tecnico','Entre 1 SM e 3 SM _ RS 998\,01 a RS 2994\,00','Nao'),
(11186299148,'Masculino','46','Ensino Medio completo_tecnico','NS','Sim'),
(11186296440,'Masculino','63','Ensino Fundamental completo','Entre 1 SM e 3 SM _ RS 998\,01 a RS 2994\,00','Nao'),
(11186294372,'Feminino','17','Ensino Medio completo_tecnico','Nao possui renda','Nao'),
(11186292411,'Masculino','60','Ensino Medio completo_tecnico','Entre 7 SM e 10 SM _ RS 6986\,01 a RS 9980\,00','Sim'),
(11186291822,'Feminino','16','Ensino Fundamental completo','NS','Sim'),
(11186285174,'Feminino','28','Ensino Superior completo','Entre 5 SM e 7 SM _ RS 4990\,01 a RS 6986\,00','Sim'),
(11186283314,'Masculino','64','Ensino Fundamental completo','NS','Nao'),
(11186279873,'Feminino','68','Ensino Fundamental completo','Ate 1 SM _ RS 998\,00','Sim'),
(11186274631,'Masculino','21','Ensino Fundamental completo','NS','Sim'),
(11186270848,'Feminino','28','Ensino Medio completo_tecnico','Entre 1 SM e 3 SM _ RS 998\,01 a RS 2994\,00','Nao'),
(11186269751,'Masculino','25','Ensino Medio completo_tecnico','NS','Nao'),
(11186268838,'Feminino','48','Ensino Medio completo_tecnico','Entre 1 SM e 3 SM _ RS 998\,01 a RS 2994\,00','Sim'),
(11186263252,'Masculino','40','Ensino Medio completo_tecnico','NS','Sim'),
(11186262894,'Feminino','47','Outro _especifique_','Ate 1 SM _ RS 998\,00','Sim'),
(11186252284,'Masculino','25','Ensino Medio completo_tecnico','Entre 1 SM e 3 SM _ RS 998\,01 a RS 2994\,00','Sim'),
(11186251708,'Masculino','29','Ensino Medio completo_tecnico','Ate 1 SM _ RS 998\,00','Nao'),
(11186251272,'Masculino','40','Ensino Superior completo','NS','Sim'),
(11186248138,'Masculino','66','Ensino Medio completo_tecnico','Entre 3 SM e 5 SM _ RS 2994\,01 a RS 4990\,00','Sim'),
(11186242842,'Masculino','27','Ensino Fundamental completo','NS','Nao'),
(11186240187,'Feminino','43','Ensino Medio completo_tecnico','Entre 1 SM e 3 SM _ RS 998\,01 a RS 2994\,00','Sim'),
(11186236777,'Masculino','51','Ensino Superior completo','Entre 7 SM e 10 SM _ RS 6986\,01 a RS 9980\,00','Sim'),
(11186236366,'Feminino','70','Outro _especifique_','Ate 1 SM _ RS 998\,00','Nao'),
(11186228117,'Masculino','18','Ensino Medio completo_tecnico','Ate 1 SM _ RS 998\,00','Sim'),
(11186225422,'Feminino','47','Outro _especifique_','Entre 1 SM e 3 SM _ RS 998\,01 a RS 2994\,00','Sim'),
(11186217794,'Masculino','30','Ensino Medio completo_tecnico','NS','Nao'),
(11186211374,'Masculino','19','Ensino Medio completo_tecnico','Entre 1 SM e 3 SM _ RS 998\,01 a RS 2994\,00','Sim'),
(11186210703,'Masculino','44','Ensino Fundamental completo','NS','Nao'),
(11186206067,'Masculino','43','Ensino Medio completo_tecnico','Entre 3 SM e 5 SM _ RS 2994\,01 a RS 4990\,00','Sim'),
(11186205578,'Masculino','81','Sem instrucao formal','NS','Sim'),
(11186205020,'Masculino','16','Ensino Medio completo_tecnico','Entre 1 SM e 3 SM _ RS 998\,01 a RS 2994\,00','Sim'),
(11186204849,'Feminino','16','Outro _especifique_','Entre 1 SM e 3 SM _ RS 998\,01 a RS 2994\,00','Sim'),
(11186201187,'Masculino','16','Ensino Fundamental completo','Nao possui renda','Sim'),
(11186198157,'Feminino','39','Ensino Medio completo_tecnico','Entre 1 SM e 3 SM _ RS 998\,01 a RS 2994\,00','Sim'),
(11186196986,'Masculino','41','Ensino Superior completo','Entre 7 SM e 10 SM _ RS 6986\,01 a RS 9980\,00','Sim'),
(11186188848,'Masculino','84','Ensino Fundamental completo','Entre 1 SM e 3 SM _ RS 998\,01 a RS 2994\,00','Sim'),
(11186186595,'Feminino','44','Ensino Medio completo_tecnico','NS','Sim'),
(11186181260,'Masculino','71','Ensino Fundamental completo','NS','Nao'),
(11186180419,'Masculino','54','Ensino Fundamental completo','Entre 1 SM e 3 SM _ RS 998\,01 a RS 2994\,00','Sim'),
(11186178814,'Masculino','31','Ensino Medio completo_tecnico','Entre 1 SM e 3 SM _ RS 998\,01 a RS 2994\,00','Sim'),
(11186169877,'Masculino','31','Ensino Medio completo_tecnico','Entre 1 SM e 3 SM _ RS 998\,01 a RS 2994\,00','Sim'),
(11186167084,'Masculino','54','Sem instrucao formal','NS','Sim'),
(11186165587,'Masculino','57','Ensino Medio completo_tecnico','Entre 1 SM e 3 SM _ RS 998\,01 a RS 2994\,00','Sim'),
(11186165519,'Masculino','34','Ensino Superior completo','Entre 5 SM e 7 SM _ RS 4990\,01 a RS 6986\,00','Sim'),
(11186165371,'Masculino','22','Ensino Superior completo','Ate 1 SM _ RS 998\,00','Nao'),
(11186164424,'Masculino','57','Ensino Medio completo_tecnico','Entre 3 SM e 5 SM _ RS 2994\,01 a RS 4990\,00','Sim'),
(11186159516,'Feminino','55','Ensino Superior completo','Entre 1 SM e 3 SM _ RS 998\,01 a RS 2994\,00','Sim'),
(11186155070,'Masculino','57','Ensino Fundamental completo','Entre 1 SM e 3 SM _ RS 998\,01 a RS 2994\,00','Sim'),
(11186154846,'Feminino','75','Ensino Fundamental completo','Entre 5 SM e 7 SM _ RS 4990\,01 a RS 6986\,00','Nao'),
(11186152159,'Masculino','47','Ensino Medio completo_tecnico','Entre 3 SM e 5 SM _ RS 2994\,01 a RS 4990\,00','Sim'),
(11186147991,'Masculino','58','Ensino Superior completo','Entre 7 SM e 10 SM _ RS 6986\,01 a RS 9980\,00','Sim'),
(11186147841,'Masculino','22','Ensino Superior completo','Entre 3 SM e 5 SM _ RS 2994\,01 a RS 4990\,00','Sim'),
(11186143906,'Feminino','50','Ensino Medio completo_tecnico','NS','Sim'),
(11186142791,'Masculino','17','Ensino Fundamental completo','NS','Sim'),
(11186139524,'Feminino','52','Ensino Fundamental completo','Entre 1 SM e 3 SM _ RS 998\,01 a RS 2994\,00','Nao'),
(11186138448,'Masculino','59','Ensino Medio completo_tecnico','Entre 1 SM e 3 SM _ RS 998\,01 a RS 2994\,00','Sim'),
(11186134658,'Feminino','35','Ensino Superior completo','Entre 3 SM e 5 SM _ RS 2994\,01 a RS 4990\,00','Nao'),
(11186134232,'Masculino','52','Ensino Superior completo','Entre 5 SM e 7 SM _ RS 4990\,01 a RS 6986\,00','Sim'),
(11186131159,'Feminino','64','Ensino Medio completo_tecnico','Entre 1 SM e 3 SM _ RS 998\,01 a RS 2994\,00','Sim'),
(11186126909,'Feminino','28','Outro _especifique_','Entre 3 SM e 5 SM _ RS 2994\,01 a RS 4990\,00','Sim'),
(11186125505,'Feminino','41','Pos-graduacao_ Mestrado_ Doutorado completo','Entre 5 SM e 7 SM _ RS 4990\,01 a RS 6986\,00','Sim'),
(11186117474,'Masculino','89','Ensino Fundamental completo','Ate 1 SM _ RS 998\,00','Sim'),
(11186113023,'Masculino','30','Pos-graduacao_ Mestrado_ Doutorado completo','Entre 3 SM e 5 SM _ RS 2994\,01 a RS 4990\,00','Nao'),
(11186108236,'Feminino','56','Ensino Fundamental completo','Entre 1 SM e 3 SM _ RS 998\,01 a RS 2994\,00','Nao'),
(11186108176,'Masculino','38','Pos-graduacao_ Mestrado_ Doutorado completo','NS','Sim'),
(11186103670,'Feminino','70','Ensino Fundamental completo','NS','Nao'),
(11186099132,'Masculino','49','Ensino Medio completo_tecnico','Entre 1 SM e 3 SM _ RS 998\,01 a RS 2994\,00','Sim'),
(11186086570,'Feminino','35','Ensino Superior completo','Entre 1 SM e 3 SM _ RS 998\,01 a RS 2994\,00','Sim'),
(11186071894,'Feminino','24','Ensino Superior completo','Ate 1 SM _ RS 998\,00','Sim'),
(11186063274,'Feminino','31','Ensino Medio completo_tecnico','Entre 1 SM e 3 SM _ RS 998\,01 a RS 2994\,00','Sim'),
(11186010139,'Masculino','23','Ensino Superior completo','Entre 3 SM e 5 SM _ RS 2994\,01 a RS 4990\,00','Sim'),
(11185287750,'Masculino','29','Ensino Fundamental completo','Entre 1 SM e 3 SM _ RS 998\,01 a RS 2994\,00','Nao'),
(11185283828,'Masculino','30','Ensino Fundamental completo','NS','Nao'),
(11185282731,'Feminino','25','Ensino Medio completo_tecnico','Entre 1 SM e 3 SM _ RS 998\,01 a RS 2994\,00','Nao'),
(11185280555,'Feminino','58','Ensino Medio completo_tecnico','Entre 1 SM e 3 SM _ RS 998\,01 a RS 2994\,00','Nao'),
(11185277778,'Feminino','24','Ensino Medio completo_tecnico','Ate 1 SM _ RS 998\,00','Nao'),
(11185273586,'Feminino','32','Ensino Medio completo_tecnico','NS','Sim'),
(11185272686,'Feminino','18','Ensino Medio completo_tecnico','Entre 1 SM e 3 SM _ RS 998\,01 a RS 2994\,00','Nao'),
(11185265564,'Masculino','43','Ensino Medio completo_tecnico','Entre 1 SM e 3 SM _ RS 998\,01 a RS 2994\,00','Sim'),
(11185261402,'Feminino','57','Ensino Medio completo_tecnico','Entre 1 SM e 3 SM _ RS 998\,01 a RS 2994\,00','Sim'),
(11185259224,'Feminino','62','Ensino Medio completo_tecnico','Entre 1 SM e 3 SM _ RS 998\,01 a RS 2994\,00','Sim'),
(11185253416,'Masculino','41','Pos-graduacao_ Mestrado_ Doutorado completo','Entre 1 SM e 3 SM _ RS 998\,01 a RS 2994\,00','Sim'),
(11185250549,'Feminino','37','Ensino Superior completo','Entre 3 SM e 5 SM _ RS 2994\,01 a RS 4990\,00','Sim'),
(11185249868,'Masculino','56','Ensino Fundamental completo','Ate 1 SM _ RS 998\,00','Sim'),
(11185249349,'Masculino','60','Ensino Medio completo_tecnico','Entre 1 SM e 3 SM _ RS 998\,01 a RS 2994\,00','Nao'),
(11185238408,'Feminino','35','Ensino Superior completo','Entre 7 SM e 10 SM _ RS 6986\,01 a RS 9980\,00','Sim'),
(11185231277,'Feminino','55','Ensino Medio completo_tecnico','Entre 3 SM e 5 SM _ RS 2994\,01 a RS 4990\,00','Sim'),
(11185224663,'Feminino','33','Ensino Superior completo','Acima de 10 SM _ RS 9980\,00','Sim'),
(11185216583,'Feminino','34','Ensino Superior completo','Acima de 10 SM _ RS 9980\,00','Sim'),
(11185212086,'Feminino','34','Ensino Superior completo','Entre 1 SM e 3 SM _ RS 998\,01 a RS 2994\,00','Sim'),
(11185209298,'Masculino','24','Ensino Superior completo','Acima de 10 SM _ RS 9980\,00','Nao'),
(11185206627,'Feminino','29','Outro _especifique_','Entre 7 SM e 10 SM _ RS 6986\,01 a RS 9980\,00','Sim'),
(11185204150,'Feminino','43','Ensino Superior completo','Entre 3 SM e 5 SM _ RS 2994\,01 a RS 4990\,00','Sim'),
(11185201389,'Feminino','54','Ensino Fundamental completo','Entre 3 SM e 5 SM _ RS 2994\,01 a RS 4990\,00','Sim'),
(11185200344,'Feminino','31','Ensino Superior completo','Acima de 10 SM _ RS 9980\,00','Sim'),
(11185196714,'Feminino','32','Outro _especifique_','NS','Sim'),
(11185192118,'Masculino','39','Ensino Superior completo','Entre 7 SM e 10 SM _ RS 6986\,01 a RS 9980\,00','Sim'),
(11185190630,'Feminino','24','Ensino Superior completo','Entre 1 SM e 3 SM _ RS 998\,01 a RS 2994\,00','Sim'),
(11185190296,'Masculino','50','Ensino Medio completo_tecnico','Entre 1 SM e 3 SM _ RS 998\,01 a RS 2994\,00','Nao'),
(11185188666,'Masculino','38','Ensino Superior completo','Entre 3 SM e 5 SM _ RS 2994\,01 a RS 4990\,00','Sim'),
(11185187904,'Masculino','35','Ensino Medio completo_tecnico','Ate 1 SM _ RS 998\,00','Nao'),
(11185186874,'Feminino','42','Ensino Superior completo','Acima de 10 SM _ RS 9980\,00','Nao'),
(11185182850,'Feminino','33','Ensino Superior completo','Acima de 10 SM _ RS 9980\,00','Sim'),
(11185182400,'Feminino','45','Ensino Medio completo_tecnico','NS','Sim'),
(11185179262,'Feminino','29','Ensino Medio completo_tecnico','Entre 3 SM e 5 SM _ RS 2994\,01 a RS 4990\,00','Nao'),
(11185176905,'Feminino','24','Ensino Superior completo','Acima de 10 SM _ RS 9980\,00','Nao'),
(11185173219,'Masculino','53','Ensino Medio completo_tecnico','Acima de 10 SM _ RS 9980\,00','Sim'),
(11185172069,'Feminino','48','Ensino Superior completo','Entre 1 SM e 3 SM _ RS 998\,01 a RS 2994\,00','Sim'),
(11185171203,'Masculino','69','Ensino Medio completo_tecnico','Entre 3 SM e 5 SM _ RS 2994\,01 a RS 4990\,00','Sim'),
(11185167237,'Masculino','34','Ensino Medio completo_tecnico','Entre 7 SM e 10 SM _ RS 6986\,01 a RS 9980\,00','Nao'),
(11185163671,'Masculino','28','Ensino Medio completo_tecnico','NS','Sim'),
(11185162496,'Feminino','23','Ensino Medio completo_tecnico','Entre 5 SM e 7 SM _ RS 4990\,01 a RS 6986\,00','Sim'),
(11185160639,'Feminino','57','Ensino Medio completo_tecnico','Entre 1 SM e 3 SM _ RS 998\,01 a RS 2994\,00','Sim'),
(11185158996,'Feminino','43','Pos-graduacao_ Mestrado_ Doutorado completo','Acima de 10 SM _ RS 9980\,00','Nao'),
(11185155412,'Masculino','86','Ensino Fundamental completo','Entre 1 SM e 3 SM _ RS 998\,01 a RS 2994\,00','Sim'),
(11185150443,'Feminino','22','Ensino Medio completo_tecnico','Acima de 10 SM _ RS 9980\,00','Sim'),
(11185146451,'Masculino','59','Ensino Medio completo_tecnico','NS','Sim'),
(11185138749,'Feminino','38','Ensino Superior completo','Acima de 10 SM _ RS 9980\,00','Sim'),
(11185128974,'Feminino','39','Pos-graduacao_ Mestrado_ Doutorado completo','Acima de 10 SM _ RS 9980\,00','Sim'),
(11185125296,'Feminino','68','Sem instrucao formal','Ate 1 SM _ RS 998\,00','Sim'),
(11185123485,'Masculino','59','Ensino Superior completo','Entre 3 SM e 5 SM _ RS 2994\,01 a RS 4990\,00','Sim'),
(11185121981,'Masculino','31','Ensino Superior completo','Entre 3 SM e 5 SM _ RS 2994\,01 a RS 4990\,00','Sim'),
(11185114653,'Feminino','81','Ensino Medio completo_tecnico','Ate 1 SM _ RS 998\,00','Sim'),
(11185114496,'Feminino','51','Pos-graduacao_ Mestrado_ Doutorado completo','Acima de 10 SM _ RS 9980\,00','Nao'),
(11185112223,'Feminino','53','Ensino Medio completo_tecnico','Entre 1 SM e 3 SM _ RS 998\,01 a RS 2994\,00','Sim'),
(11185105455,'Feminino','49','Ensino Superior completo','NS','Sim'),
(11185104389,'Masculino','38','Ensino Superior completo','Entre 3 SM e 5 SM _ RS 2994\,01 a RS 4990\,00','Sim'),
(11185103932,'Masculino','27','Ensino Superior completo','Entre 3 SM e 5 SM _ RS 2994\,01 a RS 4990\,00','Sim'),
(11185102397,'Masculino','25','Ensino Medio completo_tecnico','Acima de 10 SM _ RS 9980\,00','Sim'),
(11185102387,'Masculino','22','Ensino Medio completo_tecnico','Entre 3 SM e 5 SM _ RS 2994\,01 a RS 4990\,00','Sim'),
(11185092616,'Masculino','25','Ensino Medio completo_tecnico','NS','Sim'),
(11185091378,'Masculino','54','Outro _especifique_','Acima de 10 SM _ RS 9980\,00','Sim'),
(11185090849,'Masculino','21','Ensino Medio completo_tecnico','Entre 1 SM e 3 SM _ RS 998\,01 a RS 2994\,00','Nao'),
(11185086060,'Masculino','28','Ensino Superior completo','Entre 3 SM e 5 SM _ RS 2994\,01 a RS 4990\,00','Sim'),
(11185084903,'Masculino','44','Ensino Medio completo_tecnico','Entre 1 SM e 3 SM _ RS 998\,01 a RS 2994\,00','Sim'),
(11185076735,'Feminino','19','Ensino Medio completo_tecnico','Entre 1 SM e 3 SM _ RS 998\,01 a RS 2994\,00','Nao'),
(11185076351,'Masculino','27','Ensino Medio completo_tecnico','Entre 3 SM e 5 SM _ RS 2994\,01 a RS 4990\,00','Nao'),
(11185076212,'Masculino','25','Ensino Fundamental completo','NS','Sim'),
(11185066425,'Feminino','72','Ensino Fundamental completo','Entre 1 SM e 3 SM _ RS 998\,01 a RS 2994\,00','Nao'),
(11185065115,'Feminino','31','Ensino Superior completo','Acima de 10 SM _ RS 9980\,00','Sim'),
(11185061689,'Masculino','40','Ensino Superior completo','NS','Nao'),
(11185058532,'Masculino','23','Ensino Medio completo_tecnico','Entre 1 SM e 3 SM _ RS 998\,01 a RS 2994\,00','Nao'),
(11185043594,'Feminino','21','Ensino Fundamental completo','Entre 3 SM e 5 SM _ RS 2994\,01 a RS 4990\,00','Sim'),
(11185040345,'Feminino','80','Ensino Fundamental completo','Entre 1 SM e 3 SM _ RS 998\,01 a RS 2994\,00','Sim'),
(11185036094,'Masculino','23','Ensino Superior completo','Entre 1 SM e 3 SM _ RS 998\,01 a RS 2994\,00','Sim'),
(11185027456,'Masculino','34','Ensino Superior completo','Acima de 10 SM _ RS 9980\,00','Sim'),
(11185024117,'Masculino','69','Ensino Medio completo_tecnico','Entre 3 SM e 5 SM _ RS 2994\,01 a RS 4990\,00','Sim'),
(11185021552,'Feminino','50','Ensino Superior completo','Acima de 10 SM _ RS 9980\,00','Sim'),
(11185018481,'Masculino','51','Ensino Medio completo_tecnico','Entre 3 SM e 5 SM _ RS 2994\,01 a RS 4990\,00','Sim'),
(11185016211,'Masculino','62','Ensino Medio completo_tecnico','Acima de 10 SM _ RS 9980\,00','Sim'),
(11185014666,'Feminino','20','Ensino Medio completo_tecnico','Ate 1 SM _ RS 998\,00','Nao'),
(11185008480,'Feminino','22','Ensino Superior completo','Entre 1 SM e 3 SM _ RS 998\,01 a RS 2994\,00','Sim'),
(11185007425,'Feminino','28','Pos-graduacao_ Mestrado_ Doutorado completo','Acima de 10 SM _ RS 9980\,00','Sim'),
(11185001407,'Masculino','44','Pos-graduacao_ Mestrado_ Doutorado completo','Entre 5 SM e 7 SM _ RS 4990\,01 a RS 6986\,00','Sim'),
(11184996904,'Masculino','36','Ensino Medio completo_tecnico','Entre 1 SM e 3 SM _ RS 998\,01 a RS 2994\,00','Sim'),
(11184996890,'Feminino','70','Ensino Medio completo_tecnico','Ate 1 SM _ RS 998\,00','Nao'),
(11184993244,'Masculino','25','Ensino Medio completo_tecnico','Entre 5 SM e 7 SM _ RS 4990\,01 a RS 6986\,00','Nao'),
(11184991802,'Feminino','72','Ensino Medio completo_tecnico','Ate 1 SM _ RS 998\,00','Nao'),
(11184988898,'Feminino','32','Ensino Superior completo','Entre 5 SM e 7 SM _ RS 4990\,01 a RS 6986\,00','Sim'),
(11184984229,'Feminino','83','Ensino Medio completo_tecnico','Ate 1 SM _ RS 998\,00','Nao'),
(11184981003,'Masculino','68','Ensino Superior completo','Acima de 10 SM _ RS 9980\,00','Sim'),
(11184979930,'Masculino','28','Ensino Superior completo','Acima de 10 SM _ RS 9980\,00','Sim'),
(11184972816,'Feminino','48','Pos-graduacao_ Mestrado_ Doutorado completo','Entre 7 SM e 10 SM _ RS 6986\,01 a RS 9980\,00','Sim'),
(11184968903,'Masculino','64','Ensino Medio completo_tecnico','Acima de 10 SM _ RS 9980\,00','Sim'),
(11184968712,'Masculino','62','Pos-graduacao_ Mestrado_ Doutorado completo','Acima de 10 SM _ RS 9980\,00','Sim'),
(11184963682,'Feminino','80','Ensino Fundamental completo','Ate 1 SM _ RS 998\,00','Nao'),
(11184957875,'Feminino','47','Outro _especifique_','Acima de 10 SM _ RS 9980\,00','Sim'),
(11184951045,'Feminino','45','Ensino Superior completo','Acima de 10 SM _ RS 9980\,00','Sim'),
(11184942981,'Masculino','19','Outro _especifique_','Ate 1 SM _ RS 998\,00','Nao'),
(11184938587,'Feminino','32','Ensino Medio completo_tecnico','Entre 1 SM e 3 SM _ RS 998\,01 a RS 2994\,00','Nao'),
(11184936131,'Feminino','75','Ensino Superior completo','Entre 7 SM e 10 SM _ RS 6986\,01 a RS 9980\,00','Sim'),
(11184935409,'Masculino','19','Outro _especifique_','Entre 7 SM e 10 SM _ RS 6986\,01 a RS 9980\,00','Nao'),
(11184934500,'Feminino','55','Ensino Medio completo_tecnico','Entre 3 SM e 5 SM _ RS 2994\,01 a RS 4990\,00','Nao'),
(11184930583,'Feminino','54','Ensino Medio completo_tecnico','Entre 1 SM e 3 SM _ RS 998\,01 a RS 2994\,00','Nao'),
(11184928065,'Feminino','24','Ensino Superior completo','Entre 1 SM e 3 SM _ RS 998\,01 a RS 2994\,00','Sim'),
(11184923465,'Feminino','24','Ensino Superior completo','Entre 7 SM e 10 SM _ RS 6986\,01 a RS 9980\,00','Nao'),
(11184915705,'Feminino','63','Ensino Fundamental completo','Ate 1 SM _ RS 998\,00','Sim'),
(11184915200,'Feminino','29','Ensino Superior completo','Entre 1 SM e 3 SM _ RS 998\,01 a RS 2994\,00','Sim'),
(11184915178,'Feminino','23','Ensino Superior completo','Entre 3 SM e 5 SM _ RS 2994\,01 a RS 4990\,00','Nao'),
(11184910007,'Feminino','32','Outro _especifique_','Entre 1 SM e 3 SM _ RS 998\,01 a RS 2994\,00','Sim'),
(11184906726,'Masculino','31','Ensino Superior completo','Entre 3 SM e 5 SM _ RS 2994\,01 a RS 4990\,00','Sim'),
(11184899004,'Masculino','36','Ensino Medio completo_tecnico','Entre 1 SM e 3 SM _ RS 998\,01 a RS 2994\,00','Sim'),
(11184898897,'Masculino','61','Ensino Medio completo_tecnico','Entre 1 SM e 3 SM _ RS 998\,01 a RS 2994\,00','Sim'),
(11184894937,'Feminino','42','Ensino Superior completo','Acima de 10 SM _ RS 9980\,00','Sim'),
(11184892989,'Masculino','51','Ensino Superior completo','Entre 1 SM e 3 SM _ RS 998\,01 a RS 2994\,00','Sim'),
(11184892505,'Masculino','40','Ensino Superior completo','Acima de 10 SM _ RS 9980\,00','Sim'),
(11184886322,'Masculino','18','Ensino Medio completo_tecnico','Entre 1 SM e 3 SM _ RS 998\,01 a RS 2994\,00','Nao'),
(11184881882,'Masculino','57','Ensino Fundamental completo','Entre 1 SM e 3 SM _ RS 998\,01 a RS 2994\,00','Sim'),
(11184879831,'Feminino','24','Ensino Medio completo_tecnico','Entre 1 SM e 3 SM _ RS 998\,01 a RS 2994\,00','Nao'),
(11184876840,'Masculino','34','Ensino Medio completo_tecnico','Entre 5 SM e 7 SM _ RS 4990\,01 a RS 6986\,00','Sim'),
(11184873706,'Feminino','40','Ensino Medio completo_tecnico','Entre 3 SM e 5 SM _ RS 2994\,01 a RS 4990\,00','Nao'),
(11184869378,'Feminino','32','Ensino Superior completo','Acima de 10 SM _ RS 9980\,00','Sim'),
(11184863242,'Masculino','65','Ensino Medio completo_tecnico','Entre 1 SM e 3 SM _ RS 998\,01 a RS 2994\,00','Nao'),
(11184857575,'Masculino','68','Ensino Medio completo_tecnico','Entre 5 SM e 7 SM _ RS 4990\,01 a RS 6986\,00','Sim'),
(11184857331,'Masculino','78','Ensino Medio completo_tecnico','Entre 3 SM e 5 SM _ RS 2994\,01 a RS 4990\,00','Sim'),
(11184855692,'Feminino','20','Outro _especifique_','Entre 3 SM e 5 SM _ RS 2994\,01 a RS 4990\,00','Sim'),
(11184854712,'Feminino','56','Ensino Superior completo','Entre 5 SM e 7 SM _ RS 4990\,01 a RS 6986\,00','Sim'),
(11184854362,'Masculino','29','Ensino Medio completo_tecnico','Entre 1 SM e 3 SM _ RS 998\,01 a RS 2994\,00','Nao'),
(11184853533,'Masculino','30','Ensino Medio completo_tecnico','Entre 1 SM e 3 SM _ RS 998\,01 a RS 2994\,00','Sim'),
(11184851193,'Masculino','21','Outro _especifique_','Entre 3 SM e 5 SM _ RS 2994\,01 a RS 4990\,00','Sim'),
(11184846220,'Feminino','62','Ensino Medio completo_tecnico','Entre 5 SM e 7 SM _ RS 4990\,01 a RS 6986\,00','Sim'),
(11184845260,'Feminino','64','Ensino Medio completo_tecnico','Ate 1 SM _ RS 998\,00','Sim'),
(11184844521,'Masculino','53','Ensino Medio completo_tecnico','Entre 1 SM e 3 SM _ RS 998\,01 a RS 2994\,00','Sim'),
(11184844475,'Feminino','25','Pos-graduacao_ Mestrado_ Doutorado completo','Entre 7 SM e 10 SM _ RS 6986\,01 a RS 9980\,00','Nao'),
(11184844024,'Masculino','22','Ensino Medio completo_tecnico','Entre 3 SM e 5 SM _ RS 2994\,01 a RS 4990\,00','Sim'),
(11184843869,'Masculino','43','Ensino Medio completo_tecnico','Entre 1 SM e 3 SM _ RS 998\,01 a RS 2994\,00','Sim'),
(11184842260,'Feminino','28','Ensino Medio completo_tecnico','Ate 1 SM _ RS 998\,00','Sim'),
(11184836356,'Feminino','24','Ensino Superior completo','Entre 7 SM e 10 SM _ RS 6986\,01 a RS 9980\,00','Nao'),
(11184835233,'Masculino','61','Ensino Superior completo','Entre 5 SM e 7 SM _ RS 4990\,01 a RS 6986\,00','Sim'),
(11184834511,'Masculino','29','Ensino Superior completo','Entre 5 SM e 7 SM _ RS 4990\,01 a RS 6986\,00','Sim'),
(11184833278,'Feminino','50','Ensino Superior completo','Entre 5 SM e 7 SM _ RS 4990\,01 a RS 6986\,00','Sim'),
(11184831554,'Masculino','20','Ensino Medio completo_tecnico','Entre 1 SM e 3 SM _ RS 998\,01 a RS 2994\,00','Nao'),
(11184830740,'Masculino','37','Ensino Medio completo_tecnico','Entre 3 SM e 5 SM _ RS 2994\,01 a RS 4990\,00','Sim'),
(11184829731,'Feminino','55','Ensino Medio completo_tecnico','Entre 1 SM e 3 SM _ RS 998\,01 a RS 2994\,00','Sim'),
(11184828113,'Feminino','28','Ensino Superior completo','Entre 7 SM e 10 SM _ RS 6986\,01 a RS 9980\,00','Sim'),
(11184826965,'Masculino','26','Ensino Medio completo_tecnico','Entre 7 SM e 10 SM _ RS 6986\,01 a RS 9980\,00','Sim'),
(11184825322,'Masculino','30','Ensino Superior completo','Entre 1 SM e 3 SM _ RS 998\,01 a RS 2994\,00','Sim'),
(11184824684,'Masculino','16','Ensino Fundamental completo','Nao possui renda','Sim'),
(11184824061,'Masculino','64','Ensino Medio completo_tecnico','Entre 3 SM e 5 SM _ RS 2994\,01 a RS 4990\,00','Sim'),
(11184822699,'Feminino','69','Ensino Fundamental completo','Entre 5 SM e 7 SM _ RS 4990\,01 a RS 6986\,00','Sim'),
(11184820860,'Feminino','24','Pos-graduacao_ Mestrado_ Doutorado completo','Entre 5 SM e 7 SM _ RS 4990\,01 a RS 6986\,00','Sim'),
(11184818396,'Feminino','81','Sem instrucao formal','Ate 1 SM _ RS 998\,00','Nao'),
(11184816743,'Masculino','27','Ensino Medio completo_tecnico','Entre 1 SM e 3 SM _ RS 998\,01 a RS 2994\,00','Sim'),
(11184815125,'Masculino','61','Ensino Fundamental completo','Entre 1 SM e 3 SM _ RS 998\,01 a RS 2994\,00','Sim'),
(11184813852,'Feminino','75','Ensino Superior completo','Entre 3 SM e 5 SM _ RS 2994\,01 a RS 4990\,00','Sim'),
(11184811222,'Feminino','59','Ensino Fundamental completo','Ate 1 SM _ RS 998\,00','Nao'),
(11184807979,'Feminino','53','Pos-graduacao_ Mestrado_ Doutorado completo','Acima de 10 SM _ RS 9980\,00','Sim'),
(11184807843,'Masculino','49','Pos-graduacao_ Mestrado_ Doutorado completo','Entre 7 SM e 10 SM _ RS 6986\,01 a RS 9980\,00','Sim'),
(11184807396,'Feminino','56','Ensino Medio completo_tecnico','Entre 5 SM e 7 SM _ RS 4990\,01 a RS 6986\,00','Sim'),
(11184806050,'Feminino','67','Ensino Superior completo','Entre 1 SM e 3 SM _ RS 998\,01 a RS 2994\,00','Sim'),
(11184803258,'Masculino','53','Ensino Medio completo_tecnico','Entre 1 SM e 3 SM _ RS 998\,01 a RS 2994\,00','Nao'),
(11184803113,'Masculino','29','Ensino Superior completo','Entre 3 SM e 5 SM _ RS 2994\,01 a RS 4990\,00','Sim'),
(11184798668,'Masculino','30','Ensino Medio completo_tecnico','Acima de 10 SM _ RS 9980\,00','Sim'),
(11184796958,'Masculino','78','Ensino Medio completo_tecnico','Entre 3 SM e 5 SM _ RS 2994\,01 a RS 4990\,00','Sim'),
(11184796811,'Masculino','33','Ensino Superior completo','Entre 3 SM e 5 SM _ RS 2994\,01 a RS 4990\,00','Sim'),
(11184795625,'Feminino','30','Ensino Fundamental completo','Ate 1 SM _ RS 998\,00','Nao'),
(11184794889,'Feminino','22','Ensino Medio completo_tecnico','Ate 1 SM _ RS 998\,00','Nao'),
(11184794360,'Masculino','50','Ensino Fundamental completo','Entre 1 SM e 3 SM _ RS 998\,01 a RS 2994\,00','Nao'),
(11184788787,'Masculino','70','Ensino Medio completo_tecnico','Entre 3 SM e 5 SM _ RS 2994\,01 a RS 4990\,00','Sim'),
(11184785706,'Feminino','55','Ensino Fundamental completo','Entre 1 SM e 3 SM _ RS 998\,01 a RS 2994\,00','Sim'),
(11184784605,'Masculino','21','Ensino Fundamental completo','Entre 1 SM e 3 SM _ RS 998\,01 a RS 2994\,00','Nao'),
(11184784475,'Masculino','35','Ensino Superior completo','Acima de 10 SM _ RS 9980\,00','Sim'),
(11184782791,'Feminino','27','Ensino Medio completo_tecnico','Entre 3 SM e 5 SM _ RS 2994\,01 a RS 4990\,00','Nao'),
(11184777910,'Masculino','53','Pos-graduacao_ Mestrado_ Doutorado completo','Entre 1 SM e 3 SM _ RS 998\,01 a RS 2994\,00','Sim'),
(11184777132,'Feminino','19','Ensino Fundamental completo','Ate 1 SM _ RS 998\,00','Nao'),
(11184776193,'Masculino','23','Ensino Medio completo_tecnico','Ate 1 SM _ RS 998\,00','Sim'),
(11184775495,'Masculino','63','Outro _especifique_','Acima de 10 SM _ RS 9980\,00','Sim'),
(11184773705,'Feminino','18','Ensino Medio completo_tecnico','Nao possui renda','Nao'),
(11184768695,'Feminino','30','Ensino Medio completo_tecnico','Entre 1 SM e 3 SM _ RS 998\,01 a RS 2994\,00','Sim'),
(11184768413,'Feminino','20','Outro _especifique_','Entre 1 SM e 3 SM _ RS 998\,01 a RS 2994\,00','Nao'),
(11184765357,'Feminino','64','Ensino Fundamental completo','Ate 1 SM _ RS 998\,00','Sim'),
(11184760696,'Masculino','25','Ensino Superior completo','Ate 1 SM _ RS 998\,00','Sim'),
(11184757595,'Feminino','58','Ensino Medio completo_tecnico','Entre 1 SM e 3 SM _ RS 998\,01 a RS 2994\,00','Nao'),
(11184753585,'Feminino','17','Ensino Fundamental completo','Ate 1 SM _ RS 998\,00','Sim'),
(11184744835,'Masculino','59','Ensino Medio completo_tecnico','Entre 1 SM e 3 SM _ RS 998\,01 a RS 2994\,00','Sim'),
(11184145224,'Feminino','43','Ensino Superior completo','Entre 1 SM e 3 SM _ RS 998\,01 a RS 2994\,00','Sim'),
(11183990344,'Feminino','84','Ensino Medio completo_tecnico','NS','Nao'),
(11183974182,'Masculino','44','Ensino Medio completo_tecnico','NS','Sim'),
(11183952368,'Masculino','46','Ensino Medio completo_tecnico','Entre 7 SM e 10 SM _ RS 6986\,01 a RS 9980\,00','Sim'),
(11183941822,'Feminino','68','Ensino Medio completo_tecnico','Ate 1 SM _ RS 998\,00','Sim'),
(11183921872,'Feminino','71','Ensino Fundamental completo','Entre 1 SM e 3 SM _ RS 998\,01 a RS 2994\,00','Nao'),
(11183917230,'Masculino','38','Ensino Superior completo','Entre 1 SM e 3 SM _ RS 998\,01 a RS 2994\,00','Sim'),
(11183910621,'Feminino','47','Ensino Medio completo_tecnico','Entre 1 SM e 3 SM _ RS 998\,01 a RS 2994\,00','Sim'),
(11183898223,'Feminino','40','Ensino Fundamental completo','Entre 1 SM e 3 SM _ RS 998\,01 a RS 2994\,00','Sim'),
(11183876149,'Masculino','27','Ensino Superior completo','Entre 1 SM e 3 SM _ RS 998\,01 a RS 2994\,00','Sim'),
(11183870468,'Feminino','27','Ensino Medio completo_tecnico','Entre 1 SM e 3 SM _ RS 998\,01 a RS 2994\,00','Nao'),
(11183850837,'Masculino','49','Pos-graduacao_ Mestrado_ Doutorado completo','Entre 3 SM e 5 SM _ RS 2994\,01 a RS 4990\,00','Sim'),
(11183843595,'Feminino','60','Ensino Fundamental completo','Entre 1 SM e 3 SM _ RS 998\,01 a RS 2994\,00','Sim'),
(11183842132,'Feminino','66','Ensino Fundamental completo','NS','Sim'),
(11183834370,'Masculino','20','Ensino Medio completo_tecnico','Entre 3 SM e 5 SM _ RS 2994\,01 a RS 4990\,00','Nao'),
(11183833685,'Masculino','25','Ensino Medio completo_tecnico','Acima de 10 SM _ RS 9980\,00','Nao'),
(11183829380,'Masculino','45','Ensino Medio completo_tecnico','Entre 5 SM e 7 SM _ RS 4990\,01 a RS 6986\,00','Sim'),
(11183826790,'Masculino','28','Ensino Medio completo_tecnico','Acima de 10 SM _ RS 9980\,00','Nao'),
(11183818644,'Feminino','26','Ensino Medio completo_tecnico','Entre 3 SM e 5 SM _ RS 2994\,01 a RS 4990\,00','Nao'),
(11183793931,'Feminino','16','Ensino Fundamental completo','Entre 1 SM e 3 SM _ RS 998\,01 a RS 2994\,00','Sim'),
(11183792546,'Feminino','50','Ensino Medio completo_tecnico','Entre 3 SM e 5 SM _ RS 2994\,01 a RS 4990\,00','Sim'),
(11183789095,'Masculino','71','Ensino Medio completo_tecnico','Entre 3 SM e 5 SM _ RS 2994\,01 a RS 4990\,00','Nao'),
(11183787073,'Masculino','23','Ensino Medio completo_tecnico','Entre 1 SM e 3 SM _ RS 998\,01 a RS 2994\,00','Sim'),
(11183786102,'Feminino','30','Ensino Medio completo_tecnico','Entre 3 SM e 5 SM _ RS 2994\,01 a RS 4990\,00','Sim'),
(11183781430,'Masculino','60','Ensino Medio completo_tecnico','Entre 1 SM e 3 SM _ RS 998\,01 a RS 2994\,00','Sim'),
(11183753130,'Masculino','51','Ensino Medio completo_tecnico','Acima de 10 SM _ RS 9980\,00','Sim'),
(11183752237,'Masculino','46','Ensino Fundamental completo','Entre 1 SM e 3 SM _ RS 998\,01 a RS 2994\,00','Sim'),
(11183750908,'Feminino','78','Ensino Medio completo_tecnico','Entre 3 SM e 5 SM _ RS 2994\,01 a RS 4990\,00','Sim'),
(11183738891,'Feminino','55','Ensino Fundamental completo','Entre 1 SM e 3 SM _ RS 998\,01 a RS 2994\,00','Sim'),
(11183738177,'Feminino','75','Sem instrucao formal','Entre 3 SM e 5 SM _ RS 2994\,01 a RS 4990\,00','Sim'),
(11183718490,'Feminino','24','Ensino Medio completo_tecnico','Entre 3 SM e 5 SM _ RS 2994\,01 a RS 4990\,00','Sim'),
(11183718384,'Masculino','55','Ensino Fundamental completo','Entre 1 SM e 3 SM _ RS 998\,01 a RS 2994\,00','Sim'),
(11183710420,'Feminino','31','Ensino Superior completo','Entre 7 SM e 10 SM _ RS 6986\,01 a RS 9980\,00','NR'),
(11183707552,'Feminino','72','Ensino Medio completo_tecnico','Entre 3 SM e 5 SM _ RS 2994\,01 a RS 4990\,00','Sim'),
(11183701801,'Feminino','17','Ensino Medio completo_tecnico','Entre 5 SM e 7 SM _ RS 4990\,01 a RS 6986\,00','Nao'),
(11183700668,'Feminino','57','Ensino Superior completo','Entre 7 SM e 10 SM _ RS 6986\,01 a RS 9980\,00','Sim'),
(11183700351,'Feminino','28','Ensino Superior completo','Entre 3 SM e 5 SM _ RS 2994\,01 a RS 4990\,00','Sim'),
(11183693690,'Feminino','21','Ensino Superior completo','Entre 1 SM e 3 SM _ RS 998\,01 a RS 2994\,00','Nao'),
(11183685282,'Feminino','42','Pos-graduacao_ Mestrado_ Doutorado completo','Acima de 10 SM _ RS 9980\,00','Sim'),
(11183683708,'Feminino','66','Sem instrucao formal','Entre 1 SM e 3 SM _ RS 998\,01 a RS 2994\,00','Sim'),
(11183678264,'Feminino','42','Ensino Superior completo','Acima de 10 SM _ RS 9980\,00','Sim'),
(11183671207,'Feminino','27','Ensino Superior completo','Entre 3 SM e 5 SM _ RS 2994\,01 a RS 4990\,00','Nao'),
(11183663274,'Masculino','54','Ensino Fundamental completo','Entre 3 SM e 5 SM _ RS 2994\,01 a RS 4990\,00','Sim'),
(11183658236,'Feminino','34','Ensino Superior completo','Entre 1 SM e 3 SM _ RS 998\,01 a RS 2994\,00','Sim'),
(11183652547,'Feminino','33','Ensino Medio completo_tecnico','Ate 1 SM _ RS 998\,00','Sim'),
(11183651749,'Feminino','35','Ensino Medio completo_tecnico','Entre 1 SM e 3 SM _ RS 998\,01 a RS 2994\,00','Sim'),
(11183630259,'Masculino','70','Ensino Medio completo_tecnico','Entre 1 SM e 3 SM _ RS 998\,01 a RS 2994\,00','Sim'),
(11183574217,'Masculino','47','Ensino Fundamental completo','Ate 1 SM _ RS 998\,00','Sim'),
(11183573283,'Feminino','24','Ensino Medio completo_tecnico','Entre 7 SM e 10 SM _ RS 6986\,01 a RS 9980\,00','Nao'),
(11183552140,'Feminino','19','Outro _especifique_','Ate 1 SM _ RS 998\,00','Nao'),
(11183541957,'Masculino','29','Ensino Medio completo_tecnico','Entre 1 SM e 3 SM _ RS 998\,01 a RS 2994\,00','Sim'),
(11183531816,'Masculino','41','Ensino Fundamental completo','Ate 1 SM _ RS 998\,00','Nao'),
(11183531523,'Feminino','55','Ensino Medio completo_tecnico','Entre 1 SM e 3 SM _ RS 998\,01 a RS 2994\,00','Sim'),
(11183524697,'Feminino','27','Ensino Medio completo_tecnico','Entre 1 SM e 3 SM _ RS 998\,01 a RS 2994\,00','Nao'),
(11183523884,'Masculino','60','Ensino Superior completo','Entre 7 SM e 10 SM _ RS 6986\,01 a RS 9980\,00','Sim'),
(11183511358,'Masculino','25','Outro _especifique_','Entre 1 SM e 3 SM _ RS 998\,01 a RS 2994\,00','Sim'),
(11183505466,'Feminino','18','Ensino Fundamental completo','NS','Nao'),
(11183458207,'Masculino','44','Ensino Superior completo','Acima de 10 SM _ RS 9980\,00','Sim'),
(11183434438,'Masculino','37','Ensino Superior completo','NS','Nao'),
(11183432525,'Feminino','31','Ensino Superior completo','Entre 7 SM e 10 SM _ RS 6986\,01 a RS 9980\,00','Nao'),
(11183432073,'Feminino','28','Ensino Medio completo_tecnico','Entre 3 SM e 5 SM _ RS 2994\,01 a RS 4990\,00','Nao'),
(11183411180,'Feminino','23','Ensino Medio completo_tecnico','Ate 1 SM _ RS 998\,00','Nao'),
(11183408738,'Feminino','32','Ensino Superior completo','Acima de 10 SM _ RS 9980\,00','Nao'),
(11183403872,'Masculino','54','Ensino Medio completo_tecnico','Entre 5 SM e 7 SM _ RS 4990\,01 a RS 6986\,00','Sim'),
(11183399453,'Feminino','47','Ensino Superior completo','Entre 1 SM e 3 SM _ RS 998\,01 a RS 2994\,00','Sim'),
(11183395616,'Masculino','23','Ensino Medio completo_tecnico','Entre 7 SM e 10 SM _ RS 6986\,01 a RS 9980\,00','Sim'),
(11183385881,'Feminino','21','Ensino Medio completo_tecnico','Ate 1 SM _ RS 998\,00','Sim'),
(11183382377,'Feminino','55','Ensino Fundamental completo','Entre 1 SM e 3 SM _ RS 998\,01 a RS 2994\,00','Sim'),
(11183369876,'Feminino','64','Ensino Fundamental completo','Entre 1 SM e 3 SM _ RS 998\,01 a RS 2994\,00','Sim'),
(11183358931,'Masculino','21','Ensino Medio completo_tecnico','Entre 1 SM e 3 SM _ RS 998\,01 a RS 2994\,00','Sim'),
(11183340402,'Masculino','43','Ensino Medio completo_tecnico','Entre 5 SM e 7 SM _ RS 4990\,01 a RS 6986\,00','Sim'),
(11183336516,'Masculino','38','Ensino Medio completo_tecnico','Entre 3 SM e 5 SM _ RS 2994\,01 a RS 4990\,00','Sim'),
(11183333998,'Masculino','39','Ensino Superior completo','Entre 5 SM e 7 SM _ RS 4990\,01 a RS 6986\,00','Sim'),
(11183331900,'Feminino','69','Sem instrucao formal','Ate 1 SM _ RS 998\,00','Nao'),
(11183325898,'Feminino','81','Ensino Fundamental completo','Entre 3 SM e 5 SM _ RS 2994\,01 a RS 4990\,00','Sim'),
(11183305939,'Masculino','46','Ensino Medio completo_tecnico','Entre 5 SM e 7 SM _ RS 4990\,01 a RS 6986\,00','Sim'),
(11183283550,'Masculino','22','Ensino Superior completo','Entre 3 SM e 5 SM _ RS 2994\,01 a RS 4990\,00','Sim'),
(11183281371,'Masculino','36','Ensino Fundamental completo','Ate 1 SM _ RS 998\,00','Sim'),
(11183244271,'Masculino','31','Ensino Medio completo_tecnico','Entre 3 SM e 5 SM _ RS 2994\,01 a RS 4990\,00','Sim'),
(11183199406,'Masculino','NR','Ensino Fundamental completo','Entre 1 SM e 3 SM _ RS 998\,01 a RS 2994\,00','Nao'),
(11183185468,'Feminino','NR','Ensino Medio completo_tecnico','Entre 5 SM e 7 SM _ RS 4990\,01 a RS 6986\,00','Nao'),
(11176670106,'Masculino','19','Outro _especifique_','Acima de 10 SM _ RS 9980\,00','Sim'),
(11176647420,'Feminino','24','Ensino Medio completo_tecnico','Nao possui renda','Nao'),
(11176607355,'Feminino','62','Pos-graduacao_ Mestrado_ Doutorado completo','Acima de 10 SM _ RS 9980\,00','Sim'),
(11176594485,'Feminino','40','Ensino Superior completo','Entre 1 SM e 3 SM _ RS 998\,01 a RS 2994\,00','Sim'),
(11176577651,'Feminino','23','Outro _especifique_','Acima de 10 SM _ RS 9980\,00','Nao'),
(11176551456,'Feminino','59','Ensino Superior completo','Acima de 10 SM _ RS 9980\,00','Sim'),
(11176537059,'Feminino','57','Ensino Fundamental completo','Ate 1 SM _ RS 998\,00','Sim'),
(11176535785,'Masculino','30','Ensino Superior completo','Entre 7 SM e 10 SM _ RS 6986\,01 a RS 9980\,00','Sim'),
(11176504859,'Feminino','58','Ensino Superior completo','Acima de 10 SM _ RS 9980\,00','Sim'),
(11176457360,'Feminino','58','Pos-graduacao_ Mestrado_ Doutorado completo','Acima de 10 SM _ RS 9980\,00','Sim'),
(11176176050,'Masculino','55','Pos-graduacao_ Mestrado_ Doutorado completo','Acima de 10 SM _ RS 9980\,00','Sim'),
(11176136921,'Feminino','60','Ensino Superior completo','Entre 7 SM e 10 SM _ RS 6986\,01 a RS 9980\,00','Sim'),
(11176075644,'Masculino','71','Ensino Fundamental completo','Entre 1 SM e 3 SM _ RS 998\,01 a RS 2994\,00','Sim'),
(11176033972,'Feminino','23','Ensino Medio completo_tecnico','Entre 3 SM e 5 SM _ RS 2994\,01 a RS 4990\,00','Sim'),
(11176021014,'Masculino','56','Pos-graduacao_ Mestrado_ Doutorado completo','Entre 7 SM e 10 SM _ RS 6986\,01 a RS 9980\,00','Sim'),
(11175986212,'Masculino','63','Ensino Superior completo','Entre 7 SM e 10 SM _ RS 6986\,01 a RS 9980\,00','Sim'),
(11175912594,'Feminino','27','Outro _especifique_','Entre 1 SM e 3 SM _ RS 998\,01 a RS 2994\,00','Sim'),
(11175877344,'Masculino','42','Ensino Medio completo_tecnico','Entre 1 SM e 3 SM _ RS 998\,01 a RS 2994\,00','Sim'),
(11175868883,'Masculino','46','Ensino Medio completo_tecnico','Entre 3 SM e 5 SM _ RS 2994\,01 a RS 4990\,00','Sim');

CREATE TABLE IF NOT EXISTS Frequencia (
EntrevistadoId BIGINT NULL,
VisitouComplexoCMP VARCHAR(4) NULL,
FreqAtrativos VARCHAR(35) NULL,
MotivoPampulha VARCHAR(50) NULL
);

INSERT INTO Frequencia(EntrevistadoId, VisitouComplexoCMP, FreqAtrativos, MotivoPampulha) VALUES
(11196632526,'Sim','Uma vez por mes','Lazer_passeio'),
(11196554165,'Sim','Uma vez por mes','Lazer_passeio'),
(11196412624,'Sim','Mais de uma vez por semana','Lazer_passeio'),
(11196320804,'Sim','Naofrequento',''),
(11196311984,'Sim','Naofrequento',''),
(11196291770,'Sim','Uma vez por mes','Mineirao_Jogo'),
(11196279632,'Sim','Naofrequento',''),
(11196243395,'Nao','',''),
(11196209652,'Sim','Uma vez por mes','Lazer_passeio'),
(11196204739,'Sim','Uma vez por mes','Mineirao_Jogo'),
(11196165983,'Sim','Uma vez por semestre','Lazer_passeio'),
(11196082704,'Sim','Uma vez por semana','Lazer_passeio'),
(11196071920,'Sim','Naofrequento',''),
(11196053440,'Sim','Mais de uma vez por semana','Lazer_passeio'),
(11196015887,'Sim','Naofrequento',''),
(11196007896,'Sim','Uma vez por mes','Lazer_passeio'),
(11195992311,'Nao','',''),
(11195990350,'Nao','',''),
(11195973675,'Sim','Naofrequento',''),
(11195960626,'Sim','Uma vez por semestre','Lazer_passeio'),
(11195955258,'Sim','Uma vez por trimestre','Participar de evento'),
(11195934544,'Sim','Uma vez por trimestre','Lazer_passeio'),
(11195928266,'Sim','Uma vez por semestre','Lazer_passeio'),
(11195881208,'Sim','Uma vez por semestre','Outro _especifique_'),
(11195868087,'Sim','Mais de uma vez por mes','Lazer_passeio'),
(11195851262,'Nao','',''),
(11195849705,'Nao','',''),
(11195798065,'Sim','Uma vez por mes','Lazer_passeio'),
(11195771243,'Sim','Uma vez por ano','Lazer_passeio'),
(11195744930,'Nao','',''),
(11195686950,'Sim','Naofrequento',''),
(11195609575,'Nao','',''),
(11195566015,'Nao','',''),
(11195217771,'Sim','Uma vez por semestre','Mineirao_Jogo'),
(11195193550,'Sim','Naofrequento',''),
(11195179464,'Sim','Uma vez por ano','Mineirao_Jogo'),
(11195179225,'Sim','Naofrequento',''),
(11195076282,'Sim','Naofrequento',''),
(11195066219,'Nao','',''),
(11195039754,'Sim','Naofrequento',''),
(11194989346,'Sim','Naofrequento',''),
(11194961054,'Sim','Uma vez por ano','Lazer_passeio'),
(11194954263,'Sim','Naofrequento',''),
(11194920277,'Nao','',''),
(11194900330,'Sim','Mais de uma vez por mes','Lazer_passeio'),
(11194891989,'Sim','Mais de uma vez por semana','Praticar esporte'),
(11194849863,'Sim','Uma vez por ano','Lazer_passeio'),
(11194843964,'Sim','Uma vez por trimestre','Lazer_passeio'),
(11194829061,'Nao','',''),
(11194813341,'Sim','Uma vez por trimestre','Lazer_passeio'),
(11194803464,'Nao','',''),
(11194788206,'Nao','',''),
(11194750007,'Sim','Uma vez por ano','Outro _especifique_'),
(11194745843,'Sim','Uma vez por semestre','Lazer_passeio'),
(11194730478,'Nao','',''),
(11194712396,'Nao','',''),
(11194696722,'Sim','Uma vez por semana','Praticar esporte'),
(11194685573,'Nao','',''),
(11194668213,'Sim','Uma vez por mes','Lazer_passeio'),
(11193143275,'Sim','Naofrequento',''),
(11193106622,'Nao','',''),
(11193079846,'Sim','Mais de uma vez por semana','Praticar esporte'),
(11193077706,'Sim','Uma vez por mes','Mineirao_Jogo'),
(11193056402,'Sim','Naofrequento',''),
(11193015885,'Sim','Uma vez por mes','Lazer_passeio'),
(11193014352,'Nao','',''),
(11193005806,'Sim','Mais de uma vez por semana','Praticar esporte'),
(11193001622,'Sim','Uma vez por semana','Praticar esporte'),
(11192969252,'Sim','Mais de uma vez por mes','Lazer_passeio'),
(11192941992,'Sim','Mais de uma vez por semana','Praticar esporte'),
(11192926088,'Nao','',''),
(11192912689,'Sim','Mais de uma vez por semana','Praticar esporte'),
(11192896692,'Sim','Uma vez por semestre','Lazer_passeio'),
(11192851224,'Sim','Uma vez por trimestre','Lazer_passeio'),
(11192826723,'Nao','',''),
(11192825924,'Sim','Mais de uma vez por mes','Praticar esporte'),
(11192823616,'Sim','Uma vez por mes','Lazer_passeio'),
(11192819794,'Sim','Mais de uma vez por mes','Lazer_passeio'),
(11192802150,'Sim','Mais de uma vez por mes','Lazer_passeio'),
(11192787953,'Sim','Mais de uma vez por semana','Lazer_passeio'),
(11192773162,'Nao','',''),
(11192769222,'Nao','',''),
(11192766339,'Sim','Uma vez por semana','Outro _especifique_'),
(11192747710,'Sim','Uma vez por mes','Lazer_passeio'),
(11192742397,'Nao','',''),
(11192717225,'Nao','',''),
(11192712341,'Sim','Uma vez por trimestre','Lazer_passeio'),
(11192685606,'Sim','Naofrequento',''),
(11192685604,'Sim','Uma vez por semana','Praticar esporte'),
(11192672998,'Sim','Uma vez por semestre','Lazer_passeio'),
(11192670902,'Sim','Uma vez por ano','Outro _especifique_'),
(11192646613,'Nao','',''),
(11192569750,'Sim','Uma vez por semana','Praticar esporte'),
(11192544701,'Sim','Naofrequento',''),
(11192528263,'Sim','Uma vez por semestre','Lazer_passeio'),
(11192523763,'Sim','Uma vez por semana','Praticar esporte'),
(11192518569,'Sim','Mais de uma vez por mes','Lazer_passeio'),
(11192497696,'Sim','Naofrequento',''),
(11192409761,'Sim','Uma vez por trimestre','Arquitetura'),
(11192367795,'Sim','Mais de uma vez por semana','Outro _especifique_'),
(11192324750,'Sim','Naofrequento',''),
(11192308348,'Nao','',''),
(11192128490,'Nao','',''),
(11192084771,'Sim','Mais de uma vez por mes','Praticar esporte'),
(11191972912,'Sim','Naofrequento',''),
(11191938452,'Sim','Uma vez por trimestre','Lazer_passeio'),
(11191928548,'Sim','Naofrequento',''),
(11191885948,'Sim','Mais de uma vez por mes','Praticar esporte'),
(11191865188,'Nao','',''),
(11191864423,'Sim','Naofrequento',''),
(11191862152,'Nao','',''),
(11191852624,'Sim','Uma vez por semestre','Lazer_passeio'),
(11191823721,'Nao','',''),
(11191821952,'Nao','',''),
(11191790774,'Sim','Uma vez por mes','Lazer_passeio'),
(11191772139,'Sim','Uma vez por ano','Lazer_passeio'),
(11191760230,'Sim','Uma vez por ano','Lazer_passeio'),
(11191758181,'Sim','Naofrequento',''),
(11191730643,'Sim','Naofrequento',''),
(11191721170,'Sim','Naofrequento',''),
(11191711496,'Sim','Naofrequento',''),
(11191706026,'Sim','Uma vez por semestre','Lazer_passeio'),
(11191691891,'Sim','Naofrequento',''),
(11191669191,'Sim','Naofrequento',''),
(11191666012,'Sim','Naofrequento',''),
(11191626855,'Nao','',''),
(11191619369,'Sim','Uma vez por semestre','Lazer_passeio'),
(11191611632,'Nao','',''),
(11191610756,'Sim','Uma vez por mes','Lazer_passeio'),
(11191606877,'Sim','Naofrequento',''),
(11191579200,'Sim','Mais de uma vez por mes','Lazer_passeio'),
(11191573617,'Sim','Naofrequento',''),
(11191569601,'Sim','Naofrequento',''),
(11191554672,'Sim','Naofrequento',''),
(11191539246,'Sim','Naofrequento',''),
(11191531874,'Sim','Naofrequento',''),
(11191521646,'Sim','Uma vez por mes','Praticar esporte'),
(11191507447,'Sim','Uma vez por semestre','Lazer_passeio'),
(11191497815,'Sim','Mais de uma vez por mes','Lazer_passeio'),
(11191494986,'Sim','Naofrequento',''),
(11191474499,'Sim','Naofrequento',''),
(11191449636,'Sim','Uma vez por trimestre','Lazer_passeio'),
(11191446365,'Nao','',''),
(11191433164,'Nao','',''),
(11191390100,'Nao','',''),
(11191367629,'Sim','Uma vez por ano','Praticar esporte'),
(11191339647,'Nao','',''),
(11191338482,'Sim','Uma vez por ano','Lazer_passeio'),
(11191305793,'Sim','Naofrequento',''),
(11191276000,'Nao','',''),
(11191257168,'Nao','',''),
(11191242266,'Nao','',''),
(11191226253,'Nao','',''),
(11191212255,'Nao','',''),
(11191197049,'Nao','',''),
(11191171235,'Sim','Naofrequento',''),
(11191147687,'Nao','',''),
(11191128173,'Nao','',''),
(11189436694,'Nao','',''),
(11189400874,'Sim','Naofrequento',''),
(11189360205,'Sim','Uma vez por semestre','Visitar os atrativos'),
(11189156358,'Sim','Naofrequento',''),
(11189137538,'Nao','',''),
(11189105475,'Sim','Naofrequento',''),
(11189086296,'Sim','Uma vez por trimestre','Lazer_passeio'),
(11189080269,'Nao','',''),
(11189039568,'Nao','',''),
(11189038787,'Sim','Naofrequento',''),
(11188980803,'Sim','Uma vez por semestre','Praticar esporte'),
(11188974778,'Sim','Naofrequento',''),
(11188959453,'Nao','',''),
(11188891737,'Nao','',''),
(11188877410,'Sim','Naofrequento',''),
(11188865039,'Nao','',''),
(11188845460,'Sim','Uma vez por ano','Lazer_passeio'),
(11188836617,'Sim','Mais de uma vez por mes','Lazer_passeio'),
(11188823977,'Nao','',''),
(11188814666,'Sim','Naofrequento',''),
(11188801369,'Sim','Uma vez por mes','Lazer_passeio'),
(11188747446,'Sim','Uma vez por semestre','Lazer_passeio'),
(11188747380,'Nao','',''),
(11188745893,'Sim','Mais de uma vez por mes','Mineirao_Jogo'),
(11188701643,'Sim','Uma vez por ano','Lazer_passeio'),
(11188679264,'Sim','Uma vez por semestre','Lazer_passeio'),
(11188652386,'Nao','',''),
(11188648353,'Sim','Naofrequento',''),
(11188610512,'Sim','Naofrequento',''),
(11188583710,'Sim','Naofrequento',''),
(11188571079,'Sim','Uma vez por ano','Lazer_passeio'),
(11188533142,'Sim','Uma vez por trimestre','Lazer_passeio'),
(11188523579,'Sim','Uma vez por trimestre','Lazer_passeio'),
(11188512936,'Sim','Uma vez por semestre','Lazer_passeio'),
(11188490590,'Sim','Naofrequento',''),
(11188483765,'Sim','Uma vez por trimestre','Lazer_passeio'),
(11188467507,'Sim','Uma vez por mes','Lazer_passeio'),
(11188437445,'Sim','Naofrequento',''),
(11188435407,'Sim','Uma vez por ano','Lazer_passeio'),
(11188330886,'Sim','Uma vez por ano','Mineirao_Jogo'),
(11188322618,'Sim','Naofrequento',''),
(11188317590,'Nao','',''),
(11188293899,'Nao','',''),
(11188283528,'Sim','Uma vez por mes','Lazer_passeio'),
(11188267654,'Nao','',''),
(11188260275,'Nao','',''),
(11188253093,'Sim','Uma vez por semestre','Mineirao_Jogo'),
(11188246928,'Sim','Naofrequento',''),
(11188245784,'Nao','',''),
(11188245398,'Sim','Naofrequento',''),
(11188218871,'Sim','Naofrequento',''),
(11188207494,'Sim','Uma vez por semana','Praticar esporte'),
(11188206285,'Sim','Uma vez por semestre','Lazer_passeio'),
(11188201919,'Sim','Naofrequento',''),
(11188187118,'Nao','',''),
(11188177655,'Sim','Uma vez por ano','Lazer_passeio'),
(11188169152,'Sim','Naofrequento',''),
(11188169002,'Nao','',''),
(11188155017,'Sim','Uma vez por ano','Lazer_passeio'),
(11188150857,'Sim','Naofrequento',''),
(11188149720,'Nao','',''),
(11188108075,'Sim','Uma vez por semestre','Lazer_passeio'),
(11188091395,'Sim','Uma vez por ano','Trabalho'),
(11188083061,'Sim','Naofrequento',''),
(11188076934,'Sim','Uma vez por mes','Lazer_passeio'),
(11188053422,'Nao','',''),
(11188052580,'Nao','',''),
(11188050885,'Sim','Uma vez por mes','Trabalho'),
(11188033722,'Sim','Naofrequento',''),
(11188026304,'Sim','Mais de uma vez por mes','Praticar esporte'),
(11188024310,'Sim','Uma vez por trimestre','Lazer_passeio'),
(11188021072,'Sim','Uma vez por ano','Participar de evento'),
(11188014226,'Sim','Naofrequento',''),
(11188013281,'Sim','Uma vez por semana','Gastronomia'),
(11188004007,'Nao','',''),
(11188002861,'Sim','Uma vez por semestre','Lazer_passeio'),
(11188001527,'Sim','Naofrequento',''),
(11187999120,'Nao','',''),
(11187986619,'Nao','',''),
(11187971664,'Sim','Naofrequento',''),
(11187966922,'Sim','Uma vez por ano','Visitar os atrativos'),
(11187965830,'Sim','Uma vez por ano','Praticar esporte'),
(11187953173,'Sim','Naofrequento',''),
(11187942862,'Sim','Naofrequento',''),
(11187934321,'Nao','',''),
(11187920695,'Sim','Naofrequento',''),
(11187918050,'Sim','Uma vez por ano','Lazer_passeio'),
(11187909802,'Nao','',''),
(11187908376,'Sim','Naofrequento',''),
(11187889785,'Sim','Uma vez por ano','Lazer_passeio'),
(11187870687,'Sim','Uma vez por semana','Lazer_passeio'),
(11187862632,'Sim','Uma vez por ano','Trabalho'),
(11187840271,'Sim','Uma vez por trimestre','Outro _especifique_'),
(11187826432,'Sim','Uma vez por ano','Lazer_passeio'),
(11187813009,'Sim','Uma vez por ano','Lazer_passeio'),
(11186534754,'Nao','',''),
(11186532196,'Sim','Uma vez por mes','Mineirao_Jogo'),
(11186532141,'Nao','',''),
(11186527797,'Sim','Naofrequento',''),
(11186506270,'Sim','Uma vez por ano','Lazer_passeio'),
(11186503238,'Sim','Uma vez por semana','Lazer_passeio'),
(11186499495,'Sim','Naofrequento',''),
(11186497432,'Sim','Mais de uma vez por mes','Lazer_passeio'),
(11186491391,'Sim','Uma vez por semestre','Lazer_passeio'),
(11186490197,'Nao','',''),
(11186485667,'Sim','Uma vez por ano','Lazer_passeio'),
(11186482046,'Sim','Mais de uma vez por mes','Lazer_passeio'),
(11186481461,'Nao','',''),
(11186471915,'Sim','Uma vez por ano','Lazer_passeio'),
(11186471579,'Nao','',''),
(11186466504,'Sim','Mais de uma vez por semana','Lazer_passeio'),
(11186454604,'Sim','Naofrequento',''),
(11186452675,'Sim','Mais de uma vez por mes','Mineirao_Jogo'),
(11186442374,'Nao','',''),
(11186430066,'Nao','',''),
(11186429643,'Sim','Uma vez por semana','Praticar esporte'),
(11186421964,'Sim','Uma vez por ano','Praticar esporte'),
(11186416684,'Nao','',''),
(11186413914,'Sim','Uma vez por semestre','Lazer_passeio'),
(11186412054,'Sim','Uma vez por mes','Lazer_passeio'),
(11186408766,'Nao','',''),
(11186408075,'Sim','Mais de uma vez por mes','Lazer_passeio'),
(11186402510,'Sim','Uma vez por semestre','Lazer_passeio'),
(11186395948,'Sim','Naofrequento',''),
(11186391163,'Nao','',''),
(11186390852,'Sim','Naofrequento',''),
(11186389992,'Sim','Uma vez por trimestre','Lazer_passeio'),
(11186389247,'Sim','Naofrequento',''),
(11186387900,'Sim','Naofrequento',''),
(11186383178,'Nao','',''),
(11186380341,'Sim','Uma vez por semana','Lazer_passeio'),
(11186376927,'Sim','Uma vez por trimestre','Lazer_passeio'),
(11186374560,'Sim','Uma vez por semestre','Lazer_passeio'),
(11186372598,'Sim','Naofrequento',''),
(11186369731,'Sim','Naofrequento',''),
(11186361028,'Sim','Naofrequento',''),
(11186358208,'Nao','',''),
(11186358102,'Sim','Uma vez por mes','Outro _especifique_'),
(11186353595,'Sim','Naofrequento',''),
(11186346564,'Nao','',''),
(11186342724,'Nao','',''),
(11186335526,'Sim','Naofrequento',''),
(11186325639,'Sim','Uma vez por semana','Praticar esporte'),
(11186319236,'Nao','',''),
(11186315357,'Sim','Uma vez por trimestre','Lazer_passeio'),
(11186312908,'Sim','Uma vez por semana','Outro _especifique_'),
(11186309572,'Sim','Uma vez por mes','Lazer_passeio'),
(11186303426,'Sim','Uma vez por mes','Praticar esporte'),
(11186299148,'Nao','',''),
(11186296440,'Sim','Uma vez por trimestre','Lazer_passeio'),
(11186294372,'Sim','Uma vez por mes','Mineirao_Jogo'),
(11186292411,'Sim','Uma vez por trimestre','Lazer_passeio'),
(11186291822,'Nao','',''),
(11186285174,'Nao','',''),
(11186283314,'Sim','Naofrequento',''),
(11186279873,'Sim','Uma vez por ano','Visitar o Patrimonio da Humanidade'),
(11186274631,'Sim','Uma vez por trimestre','Lazer_passeio'),
(11186270848,'Sim','Uma vez por trimestre','Lazer_passeio'),
(11186269751,'Sim','Naofrequento',''),
(11186268838,'Sim','Uma vez por semestre','Lazer_passeio'),
(11186263252,'Nao','',''),
(11186262894,'Nao','',''),
(11186252284,'Sim','Uma vez por mes','Lazer_passeio'),
(11186251708,'Sim','NS_NR',''),
(11186251272,'Sim','Uma vez por ano','Lazer_passeio'),
(11186248138,'Sim','Uma vez por semestre','Mineirao_Jogo'),
(11186242842,'Sim','Mais de uma vez por mes','Lazer_passeio'),
(11186240187,'Sim','Uma vez por semestre','Lazer_passeio'),
(11186236777,'Sim','Uma vez por semana','Lazer_passeio'),
(11186236366,'Nao','',''),
(11186228117,'Sim','Uma vez por mes','Praticar esporte'),
(11186225422,'Nao','',''),
(11186217794,'Sim','Mais de uma vez por mes','Lazer_passeio'),
(11186211374,'Sim','Uma vez por trimestre','Participar de evento'),
(11186210703,'Nao','',''),
(11186206067,'Sim','Naofrequento',''),
(11186205578,'Sim','Naofrequento',''),
(11186205020,'Sim','Uma vez por ano','Praticar esporte'),
(11186204849,'Sim','Naofrequento',''),
(11186201187,'Sim','Naofrequento',''),
(11186198157,'Nao','',''),
(11186196986,'Sim','Uma vez por trimestre','Praticar esporte'),
(11186188848,'Sim','Naofrequento',''),
(11186186595,'Sim','Uma vez por trimestre','Lazer_passeio'),
(11186181260,'Sim','Naofrequento',''),
(11186180419,'Sim','Uma vez por trimestre','Praticar esporte'),
(11186178814,'Sim','Uma vez por semestre','Participar de evento'),
(11186169877,'Sim','Uma vez por trimestre','Praticar esporte'),
(11186167084,'Nao','',''),
(11186165587,'Sim','Naofrequento',''),
(11186165519,'Sim','Uma vez por ano','Lazer_passeio'),
(11186165371,'Sim','Uma vez por ano','Lazer_passeio'),
(11186164424,'Sim','Naofrequento',''),
(11186159516,'Sim','Mais de uma vez por mes','Praticar esporte'),
(11186155070,'Sim','Naofrequento',''),
(11186154846,'Sim','Uma vez por semestre','Lazer_passeio'),
(11186152159,'Sim','Naofrequento',''),
(11186147991,'Sim','Uma vez por ano','Lazer_passeio'),
(11186147841,'Sim','Uma vez por semestre','Lazer_passeio'),
(11186143906,'Sim','Uma vez por trimestre','Lazer_passeio'),
(11186142791,'Sim','Uma vez por mes','Lazer_passeio'),
(11186139524,'Nao','',''),
(11186138448,'Sim','Uma vez por trimestre','Lazer_passeio'),
(11186134658,'Sim','Uma vez por ano','Lazer_passeio'),
(11186134232,'Sim','Uma vez por mes','Praticar esporte'),
(11186131159,'Sim','Naofrequento',''),
(11186126909,'Sim','Uma vez por semestre','Praticar esporte'),
(11186125505,'Sim','Uma vez por trimestre','Lazer_passeio'),
(11186117474,'Sim','Uma vez por semana','Lazer_passeio'),
(11186113023,'Nao','',''),
(11186108236,'Nao','',''),
(11186108176,'Sim','Uma vez por semestre','Lazer_passeio'),
(11186103670,'Nao','',''),
(11186099132,'Sim','Uma vez por semestre','Praticar esporte'),
(11186086570,'Sim','Uma vez por semestre','Lazer_passeio'),
(11186071894,'Sim','Uma vez por ano','Lazer_passeio'),
(11186063274,'Sim','Uma vez por trimestre','Lazer_passeio'),
(11186010139,'Sim','Uma vez por trimestre','Participar de evento'),
(11185287750,'Sim','Naofrequento',''),
(11185283828,'Sim','Naofrequento',''),
(11185282731,'Sim','Uma vez por ano','Lazer_passeio'),
(11185280555,'Nao','',''),
(11185277778,'Sim','Uma vez por mes','Mineirao_Jogo'),
(11185273586,'Sim','Uma vez por trimestre','Lazer_passeio'),
(11185272686,'Nao','',''),
(11185265564,'Sim','Uma vez por trimestre','Lazer_passeio'),
(11185261402,'Sim','Naofrequento',''),
(11185259224,'Nao','',''),
(11185253416,'Sim','Naofrequento',''),
(11185250549,'Nao','',''),
(11185249868,'Nao','',''),
(11185249349,'Sim','Uma vez por trimestre','Mineirao_Jogo'),
(11185238408,'Nao','',''),
(11185231277,'Sim','Naofrequento',''),
(11185224663,'Sim','Naofrequento',''),
(11185216583,'Sim','Uma vez por trimestre','Participar de evento'),
(11185212086,'Sim','Uma vez por trimestre','Lazer_passeio'),
(11185209298,'Sim','Naofrequento',''),
(11185206627,'Sim','Uma vez por semestre','Mineirao_Jogo'),
(11185204150,'Sim','Naofrequento',''),
(11185201389,'Sim','Uma vez por trimestre','Lazer_passeio'),
(11185200344,'Sim','Naofrequento',''),
(11185196714,'Sim','Naofrequento',''),
(11185192118,'Sim','Naofrequento',''),
(11185190630,'Sim','Uma vez por mes','Lazer_passeio'),
(11185190296,'Nao','',''),
(11185188666,'Sim','Uma vez por semana','Mineirao_Jogo'),
(11185187904,'Sim','Uma vez por ano','Praticar esporte'),
(11185186874,'Sim','Uma vez por mes','Lazer_passeio'),
(11185182850,'Sim','Uma vez por mes','Lazer_passeio'),
(11185182400,'Sim','Naofrequento',''),
(11185179262,'Sim','Mais de uma vez por mes','Praticar esporte'),
(11185176905,'Sim','Naofrequento',''),
(11185173219,'Sim','Naofrequento',''),
(11185172069,'Nao','',''),
(11185171203,'Sim','Uma vez por semestre','Lazer_passeio'),
(11185167237,'Sim','Uma vez por mes','Lazer_passeio'),
(11185163671,'Nao','',''),
(11185162496,'Sim','Uma vez por semestre','Lazer_passeio'),
(11185160639,'Sim','Naofrequento',''),
(11185158996,'Nao','',''),
(11185155412,'Sim','Naofrequento',''),
(11185150443,'Nao','',''),
(11185146451,'Sim','Uma vez por trimestre','Outro _especifique_'),
(11185138749,'Sim','Uma vez por semana','Praticar esporte'),
(11185128974,'Nao','',''),
(11185125296,'Sim','Naofrequento',''),
(11185123485,'Sim','Uma vez por ano','Mineirao_Jogo'),
(11185121981,'Sim','Mais de uma vez por mes','Praticar esporte'),
(11185114653,'Sim','Uma vez por ano','Lazer_passeio'),
(11185114496,'Sim','Uma vez por ano','Lazer_passeio'),
(11185112223,'Nao','',''),
(11185105455,'Sim','Naofrequento',''),
(11185104389,'Sim','Uma vez por trimestre','Mineirao_Jogo'),
(11185103932,'Sim','Mais de uma vez por mes','Praticar esporte'),
(11185102397,'Nao','',''),
(11185102387,'Sim','Uma vez por semestre','Praticar esporte'),
(11185092616,'Sim','Uma vez por semana','Lazer_passeio'),
(11185091378,'Sim','Uma vez por semestre','Lazer_passeio'),
(11185090849,'Sim','Naofrequento',''),
(11185086060,'Sim','Uma vez por semana','Praticar esporte'),
(11185084903,'Sim','Uma vez por semestre','Lazer_passeio'),
(11185076735,'Sim','Naofrequento',''),
(11185076351,'Sim','Mais de uma vez por mes','Mineirao_Jogo'),
(11185076212,'Sim','Naofrequento',''),
(11185066425,'Nao','',''),
(11185065115,'Sim','Naofrequento',''),
(11185061689,'Sim','Uma vez por semestre','Lazer_passeio'),
(11185058532,'Sim','Uma vez por semestre','Mineirao_Jogo'),
(11185043594,'Sim','Mais de uma vez por mes','Lazer_passeio'),
(11185040345,'Nao','',''),
(11185036094,'Sim','Uma vez por mes','Lazer_passeio'),
(11185027456,'Sim','Uma vez por mes','Praticar esporte'),
(11185024117,'Sim','Uma vez por semestre','Lazer_passeio'),
(11185021552,'Sim','Naofrequento',''),
(11185018481,'Sim','Uma vez por trimestre','Mineirao_Jogo'),
(11185016211,'Sim','Naofrequento',''),
(11185014666,'Nao','',''),
(11185008480,'Sim','Uma vez por mes','Lazer_passeio'),
(11185007425,'Sim','Naofrequento',''),
(11185001407,'Sim','Mais de uma vez por mes','Lazer_passeio'),
(11184996904,'Sim','Uma vez por mes','Mineirao_Jogo'),
(11184996890,'Sim','Naofrequento',''),
(11184993244,'Nao','',''),
(11184991802,'Nao','',''),
(11184988898,'Sim','Uma vez por ano','Lazer_passeio'),
(11184984229,'Nao','',''),
(11184981003,'Sim','Naofrequento',''),
(11184979930,'Sim','Naofrequento',''),
(11184972816,'Sim','Uma vez por semestre','Lazer_passeio'),
(11184968903,'Sim','Naofrequento',''),
(11184968712,'Sim','Naofrequento',''),
(11184963682,'Nao','',''),
(11184957875,'Sim','Uma vez por ano','Lazer_passeio'),
(11184951045,'Sim','Uma vez por semestre','Lazer_passeio'),
(11184942981,'Sim','Uma vez por mes','Lazer_passeio'),
(11184938587,'Nao','',''),
(11184936131,'Sim','Uma vez por mes','Outro _especifique_'),
(11184935409,'Sim','Uma vez por mes','Praticar esporte'),
(11184934500,'Sim','Naofrequento',''),
(11184930583,'Sim','Uma vez por trimestre','Lazer_passeio'),
(11184928065,'Sim','Uma vez por semana','Praticar esporte'),
(11184923465,'Sim','Uma vez por semestre','Lazer_passeio'),
(11184915705,'Nao','',''),
(11184915200,'Sim','Uma vez por mes','Lazer_passeio'),
(11184915178,'Sim','Uma vez por trimestre','Lazer_passeio'),
(11184910007,'Sim','Uma vez por ano','Lazer_passeio'),
(11184906726,'Sim','Uma vez por trimestre','Lazer_passeio'),
(11184899004,'Sim','Naofrequento',''),
(11184898897,'Sim','Naofrequento',''),
(11184894937,'Sim','Uma vez por trimestre','Lazer_passeio'),
(11184892989,'Sim','Uma vez por semana','Trabalho'),
(11184892505,'Sim','Uma vez por ano','Mineirao_Jogo'),
(11184886322,'Nao','',''),
(11184881882,'Sim','Uma vez por ano','Lazer_passeio'),
(11184879831,'Sim','Uma vez por mes','Praticar esporte'),
(11184876840,'Sim','Mais de uma vez por semana','Praticar esporte'),
(11184873706,'Sim','Naofrequento',''),
(11184869378,'Sim','Naofrequento',''),
(11184863242,'Sim','Uma vez por semana','Trabalho'),
(11184857575,'Sim','Uma vez por semana','Lazer_passeio'),
(11184857331,'Nao','',''),
(11184855692,'Nao','',''),
(11184854712,'Sim','Uma vez por trimestre','Praticar esporte'),
(11184854362,'Sim','Uma vez por semestre','Trabalho'),
(11184853533,'Sim','Mais de uma vez por mes','Trabalho'),
(11184851193,'Sim','Uma vez por mes','Mineirao_Jogo'),
(11184846220,'Sim','Naofrequento',''),
(11184845260,'Sim','Uma vez por ano','Lazer_passeio'),
(11184844521,'Sim','Uma vez por trimestre','Lazer_passeio'),
(11184844475,'Sim','Uma vez por trimestre','Lazer_passeio'),
(11184844024,'Sim','Uma vez por ano','Lazer_passeio'),
(11184843869,'Nao','',''),
(11184842260,'Nao','',''),
(11184836356,'Sim','Uma vez por semestre','Lazer_passeio'),
(11184835233,'Sim','Uma vez por mes','Lazer_passeio'),
(11184834511,'Sim','Uma vez por mes','Mineirao_Jogo'),
(11184833278,'Sim','Mais de uma vez por semana','Praticar esporte'),
(11184831554,'Nao','',''),
(11184830740,'Sim','Uma vez por semana','Lazer_passeio'),
(11184829731,'Sim','Uma vez por ano','Lazer_passeio'),
(11184828113,'Sim','Uma vez por ano','Lazer_passeio'),
(11184826965,'Sim','Uma vez por trimestre','Lazer_passeio'),
(11184825322,'Sim','Uma vez por trimestre','Lazer_passeio'),
(11184824684,'Sim','Naofrequento',''),
(11184824061,'Sim','Uma vez por ano','Lazer_passeio'),
(11184822699,'Sim','Uma vez por mes','Lazer_passeio'),
(11184820860,'Sim','Uma vez por ano','Lazer_passeio'),
(11184818396,'Nao','',''),
(11184816743,'Sim','Uma vez por semana','Lazer_passeio'),
(11184815125,'Sim','Mais de uma vez por mes','Trabalho'),
(11184813852,'Sim','Naofrequento',''),
(11184811222,'Sim','Uma vez por semestre','Trabalho'),
(11184807979,'Sim','Mais de uma vez por semana','Lazer_passeio'),
(11184807843,'Sim','Uma vez por trimestre','Mineirao_Jogo'),
(11184807396,'Sim','Uma vez por mes','Praticar esporte'),
(11184806050,'Sim','Naofrequento',''),
(11184803258,'Nao','',''),
(11184803113,'Sim','Uma vez por mes','Lazer_passeio'),
(11184798668,'Sim','Uma vez por semestre','Visitar os atrativos'),
(11184796958,'Sim','Naofrequento',''),
(11184796811,'Sim','Uma vez por semestre','Lazer_passeio'),
(11184795625,'Sim','Naofrequento',''),
(11184794889,'Nao','',''),
(11184794360,'Sim','Uma vez por ano','Outro _especifique_'),
(11184788787,'Sim','Uma vez por semestre','Lazer_passeio'),
(11184785706,'Sim','Uma vez por semestre','Lazer_passeio'),
(11184784605,'Sim','Uma vez por ano','Lazer_passeio'),
(11184784475,'Sim','Uma vez por semestre','Praticar esporte'),
(11184782791,'Sim','Uma vez por semestre','Lazer_passeio'),
(11184777910,'Sim','Naofrequento',''),
(11184777132,'Sim','Naofrequento',''),
(11184776193,'Sim','Uma vez por semana','Mineirao_Jogo'),
(11184775495,'Nao','',''),
(11184773705,'Sim','Uma vez por semestre','Lazer_passeio'),
(11184768695,'Sim','NS_NR',''),
(11184768413,'Nao','',''),
(11184765357,'Sim','Naofrequento',''),
(11184760696,'Sim','Uma vez por ano','Lazer_passeio'),
(11184757595,'Sim','Uma vez por ano','Lazer_passeio'),
(11184753585,'Sim','Uma vez por semestre','Lazer_passeio'),
(11184744835,'Sim','Uma vez por ano','Lazer_passeio'),
(11184145224,'Sim','Uma vez por ano','Praticar esporte'),
(11183990344,'Sim','Naofrequento',''),
(11183974182,'Nao','',''),
(11183952368,'Sim','Uma vez por semana','Lazer_passeio'),
(11183941822,'Nao','',''),
(11183921872,'Nao','',''),
(11183917230,'Sim','Mais de uma vez por semana','Lazer_passeio'),
(11183910621,'Nao','',''),
(11183898223,'Nao','',''),
(11183876149,'Sim','Uma vez por semestre','Mineirao_Jogo'),
(11183870468,'Nao','',''),
(11183850837,'Sim','Naofrequento',''),
(11183843595,'Sim','Uma vez por semestre','Lazer_passeio'),
(11183842132,'Sim','Naofrequento',''),
(11183834370,'Sim','Uma vez por ano','Lazer_passeio'),
(11183833685,'Nao','',''),
(11183829380,'Sim','Uma vez por mes','Praticar esporte'),
(11183826790,'Sim','Naofrequento',''),
(11183818644,'Nao','',''),
(11183793931,'Sim','Uma vez por mes','Lazer_passeio'),
(11183792546,'Sim','Naofrequento',''),
(11183789095,'Sim','Uma vez por ano','Lazer_passeio'),
(11183787073,'Sim','Naofrequento',''),
(11183786102,'Nao','',''),
(11183781430,'Sim','Naofrequento',''),
(11183753130,'Sim','Uma vez por trimestre','Lazer_passeio'),
(11183752237,'Sim','Naofrequento',''),
(11183750908,'Sim','Uma vez por trimestre','Lazer_passeio'),
(11183738891,'Sim','Uma vez por mes','Lazer_passeio'),
(11183738177,'Sim','Uma vez por ano','Lazer_passeio'),
(11183718490,'Nao','',''),
(11183718384,'Nao','',''),
(11183710420,'Nao','',''),
(11183707552,'Sim','Uma vez por ano','Lazer_passeio'),
(11183701801,'Sim','Uma vez por trimestre','Lazer_passeio'),
(11183700668,'Sim','Uma vez por semestre','Lazer_passeio'),
(11183700351,'Sim','Uma vez por mes','Lazer_passeio'),
(11183693690,'Nao','',''),
(11183685282,'Sim','Naofrequento',''),
(11183683708,'Nao','',''),
(11183678264,'Sim','Naofrequento',''),
(11183671207,'Sim','Naofrequento',''),
(11183663274,'Sim','Naofrequento',''),
(11183658236,'Sim','Uma vez por semana','Lazer_passeio'),
(11183652547,'Nao','',''),
(11183651749,'Sim','Uma vez por ano','Mineirao_Jogo'),
(11183630259,'Nao','',''),
(11183574217,'Nao','',''),
(11183573283,'Nao','',''),
(11183552140,'Nao','',''),
(11183541957,'Sim','Uma vez por mes','Mineirao_Jogo'),
(11183531816,'Sim','Naofrequento',''),
(11183531523,'Nao','',''),
(11183524697,'Sim','Mais de uma vez por semana','Trabalho'),
(11183523884,'Sim','Naofrequento',''),
(11183511358,'Sim','Uma vez por semestre','NS_NR'),
(11183505466,'Sim','Uma vez por trimestre','Lazer_passeio'),
(11183458207,'Sim','Naofrequento',''),
(11183434438,'Sim','Naofrequento',''),
(11183432525,'Nao','',''),
(11183432073,'Sim','Uma vez por ano','Lazer_passeio'),
(11183411180,'Sim','Mais de uma vez por mes','Lazer_passeio'),
(11183408738,'Sim','Uma vez por semestre','Praticar esporte'),
(11183403872,'Sim','Naofrequento',''),
(11183399453,'Sim','Uma vez por semana','Lazer_passeio'),
(11183395616,'Sim','Uma vez por trimestre','Mineirao_Jogo'),
(11183385881,'Nao','',''),
(11183382377,'Nao','',''),
(11183369876,'Nao','',''),
(11183358931,'Sim','Uma vez por ano','Mineirao_Jogo'),
(11183340402,'Sim','Uma vez por semestre','Lazer_passeio'),
(11183336516,'Sim','Uma vez por mes','Lazer_passeio'),
(11183333998,'Sim','Uma vez por semestre','Lazer_passeio'),
(11183331900,'Nao','',''),
(11183325898,'Sim','Uma vez por semestre','Lazer_passeio'),
(11183305939,'Sim','Uma vez por ano','Gastronomia'),
(11183283550,'Sim','Uma vez por semestre','Lazer_passeio'),
(11183281371,'Sim','Uma vez por semestre','Trabalho'),
(11183244271,'Nao','',''),
(11183199406,'Nao','',''),
(11183185468,'Nao','',''),
(11176670106,'Nao','',''),
(11176647420,'Sim','Uma vez por semestre','Lazer_passeio'),
(11176607355,'Sim','Uma vez por semestre','Visitar os atrativos'),
(11176594485,'Sim','Uma vez por trimestre','Praticar esporte'),
(11176577651,'Sim','Uma vez por ano','Praticar esporte'),
(11176551456,'Sim','Uma vez por ano','Praticar esporte'),
(11176537059,'Nao','',''),
(11176535785,'Sim','Uma vez por ano','Participar de evento'),
(11176504859,'Sim','Uma vez por ano','Lazer_passeio'),
(11176457360,'Sim','Uma vez por semestre','Outro _especifique_'),
(11176176050,'Sim','Uma vez por mes','Lazer_passeio'),
(11176136921,'Sim','Uma vez por mes','Visitar o Patrimonio da Humanidade'),
(11176075644,'Sim','Naofrequento',''),
(11176033972,'Sim','Uma vez por semestre','Lazer_passeio'),
(11176021014,'Sim','Uma vez por trimestre','Lazer_passeio'),
(11175986212,'Sim','Uma vez por ano','Lazer_passeio'),
(11175912594,'Sim','Uma vez por ano','Lazer_passeio'),
(11175877344,'Sim','Uma vez por ano','Lazer_passeio'),
(11175868883,'Sim','Uma vez por mes','Lazer_passeio');

CREATE TABLE IF NOT EXISTS MeioTransPamp (
TransporteId INT NOT NULL,
Tipo VARCHAR(15) NOT NULL
);

INSERT INTO MeioTransPamp(TransporteId, Tipo) VALUES
(1, 'A p'),
(2, 'App'),
(3, 'Biclicleta'),
(4, 'Carro'),
(5, 'Moto'),
(6, 'nibus'),
(7, 'Txi'),
(8, 'Van')
;

CREATE TABLE IF NOT EXISTS Notas (
EntrevistadoId BIGINT NULL,
Seguranca INT NULL,
LimpezaDaLagoa INT NULL,
LimpezaDosAtrativos INT NULL,
LimpezaDaRuaEOrla INT NULL,
InformacaoDosAtrativos INT NULL,
EstabelecimentosDeAlimentacao INT NULL
);

INSERT INTO Notas(EntrevistadoId, Seguranca, LimpezaDaLagoa, LimpezaDosAtrativos, LimpezaDaRuaEOrla, InformacaoDosAtrativos, EstabelecimentosDeAlimentacao) VALUES
(11196632526, 5 , 2 , 5 , 8 , 2 , 8 ),
(11196554165, 7 , 5 , 8 , 8 , 9 , 5 ),
(11196412624, 1 , 1 , 4 , 6 , 4 , 1 ),
(11196320804,  NULL, NULL, NULL, NULL,  NULL, NULL),
(11196311984,  NULL, NULL, NULL, NULL,  NULL, NULL),
(11196291770, 6 , 5 , 5 , 6 , 7 , 3 ),
(11196279632,  NULL, NULL, NULL, NULL,  NULL, NULL),
(11196243395,  NULL, NULL, NULL, NULL,  NULL, NULL),
(11196209652, 10 , 1 , 7 , 7 , 7 , 7 ),
(11196204739, 4 , 1 , 4 , 1 , 6 , 8 ),
(11196165983, 9 , 9 , 7 , 9 , 4 , 7 ),
(11196082704, 10 , 9 , 9 , 9 , 8 , 8 ),
(11196071920,  NULL, NULL, NULL, NULL,  NULL, NULL),
(11196053440, 5 , 1 , 10 , 9 , 10 , 10 ),
(11196015887,  NULL, NULL, NULL, NULL,  NULL, NULL),
(11196007896, 10 , 5 , 10 , 10 , 9 , 7 ),
(11195992311,  NULL, NULL, NULL, NULL,  NULL, NULL),
(11195990350,  NULL, NULL, NULL, NULL,  NULL, NULL),
(11195973675,  NULL, NULL, NULL, NULL,  NULL, NULL),
(11195960626, 10 , 1 , 10 , 10 , 10 , 6 ),
(11195955258, 4 , 1 , 9 , 9 , 6 , 5 ),
(11195934544, 3 , 5 , 6 , 5 , NULL, NULL),
(11195928266, 8 , 5 , 6 , 6 , 9 , 8 ),
(11195881208, 5 , 5 , 5 , 8 , 10 , 4 ),
(11195868087, 8 , 5 , 6 , 4 , 8 , 5 ),
(11195851262,  NULL, NULL, NULL, NULL,  NULL, NULL),
(11195849705,  NULL, NULL, NULL, NULL,  NULL, NULL),
(11195798065, 7 , 10 , 10 , 10 , 10 , 3 ),
(11195771243, 5 , 1 , 5 , 5 , 5 , NULL),
(11195744930,  NULL, NULL, NULL, NULL,  NULL, NULL),
(11195686950,  NULL, NULL, NULL, NULL,  NULL, NULL),
(11195609575,  NULL, NULL, NULL, NULL,  NULL, NULL),
(11195566015,  NULL, NULL, NULL, NULL,  NULL, NULL),
(11195217771, 7 , 8 , 7 , 8 , 7 , 2 ),
(11195193550,  NULL, NULL, NULL, NULL,  NULL, NULL),
(11195179464, 8 , 4 , 8 , 7 , NULL  , 8 ),
(11195179225,  NULL, NULL, NULL, NULL,  NULL, NULL),
(11195076282,  NULL, NULL, NULL, NULL,  NULL, NULL),
(11195066219,  NULL, NULL, NULL, NULL,  NULL, NULL),
(11195039754,  NULL, NULL, NULL, NULL,  NULL, NULL),
(11194989346,  NULL, NULL, NULL, NULL,  NULL, NULL),
(11194961054, 6 , 1 , 7 , 7 , 4 , 6 ),
(11194954263,  NULL, NULL, NULL, NULL,  NULL, NULL),
(11194920277,  NULL, NULL, NULL, NULL,  NULL, NULL),
(11194900330, 5 , 5 , 5 , 8 , 10 , 5 ),
(11194891989, 8 , 2 , 2 , 6 , 6 , 1 ),
(11194849863, 9 , 9 , 3 , 4 , 5 , 8 ),
(11194843964, 7 , 3 , 7 , 7 , 3 , 5 ),
(11194829061,  NULL, NULL, NULL, NULL,  NULL, NULL),
(11194813341, 5 , 3 , 5 , 5 , 3 , 3 ),
(11194803464,  NULL, NULL, NULL, NULL,  NULL, NULL),
(11194788206,  NULL, NULL, NULL, NULL,  NULL, NULL),
(11194750007, 7 , 7 , 9 , 9 , 7 , 3 ),
(11194745843, 6 , 2 , 3 , 8 , 8 , 2 ),
(11194730478,  NULL, NULL, NULL, NULL,  NULL, NULL),
(11194712396,  NULL, NULL, NULL, NULL,  NULL, NULL),
(11194696722, 5 , 1 , 5 , 5 , 3 , 5 ),
(11194685573,  NULL, NULL, NULL, NULL,  NULL, NULL),
(11194668213, 7 , 1 , 7 , 7 , 9 , 8 ),
(11193143275,  NULL, NULL, NULL, NULL,  NULL, NULL),
(11193106622,  NULL, NULL, NULL, NULL,  NULL, NULL),
(11193079846, 8 , 8 , 8 , 8 , NULL  , 1 ),
(11193077706, 5 , 3 , 5 , 5 , 5 , 5 ),
(11193056402,  NULL, NULL, NULL, NULL,  NULL, NULL),
(11193015885, 6 , 5 , 8 , 7 , NULL  , 4 ),
(11193014352,  NULL, NULL, NULL, NULL,  NULL, NULL),
(11193005806, 8 , 1 , 9 , 9 , 5 , 2 ),
(11193001622, 8 , 5 , 7 , 8 , 8 , 5 ),
(11192969252, 9 , 9 , 10 , 10 , 10 , 5 ),
(11192941992, 5 , 1 , 3 , 3 , 8 , 5 ),
(11192926088,  NULL, NULL, NULL, NULL,  NULL, NULL),
(11192912689, 7 , 4 , 7 , 7 , 8 , 7 ),
(11192896692, 8 , 5 , 8 , 8 , 9 , 8 ),
(11192851224, 6 , 3 , 9 , 9 , 5 , 10 ),
(11192826723,  NULL, NULL, NULL, NULL,  NULL, NULL),
(11192825924, 8 , 6 , 8 , 7 , 5 , 8 ),
(11192823616, 10 , 8 , 8 , 6 , 8 , 6 ),
(11192819794, 8 , 5 , 10 , 10 , 9 , 7 ),
(11192802150, 9 , 8 , NULL , NULL  , 10 , NULL ),
(11192787953, 7 , 6 , 6 , 8 , 9 , 9 ),
(11192773162,  NULL, NULL, NULL, NULL,  NULL, NULL),
(11192769222,  NULL, NULL, NULL, NULL,  NULL, NULL),
(11192766339, 4 , 1 , 3 , 3 , 4 , 2 ),
(11192747710, 8 , 8 , 8 , 8 , 6 , 4 ),
(11192742397,  NULL, NULL, NULL, NULL,  NULL, NULL),
(11192717225,  NULL, NULL, NULL, NULL,  NULL, NULL),
(11192712341, 8 , 8 , 8 , 8 , 8 , 7 ),
(11192685606,  NULL, NULL, NULL, NULL,  NULL, NULL),
(11192685604, 7 , 2 , 9 , 9 , 10 , 5 ),
(11192672998, 7 , 7 , 9 , 7 , 10 , 5 ),
(11192670902, 8 , 1 , 5 , 8 , 8 , 6 ),
(11192646613,  NULL, NULL, NULL, NULL,  NULL, NULL),
(11192569750, 7 , 2 , 7 , 7 , 7 , 7 ),
(11192544701,  NULL, NULL, NULL, NULL,  NULL, NULL),
(11192528263, 8 , 6 , 6 , 6 , 8 , 5 ),
(11192523763, 7 , 5 , 5 , 5 , 7 , 8 ),
(11192518569, 6 , 1 , 3 , 3 , 5 , 1 ),
(11192497696,  NULL, NULL, NULL, NULL,  NULL, NULL),
(11192409761, 6 , 1 , 6 , 6 , 6 , 4 ),
(11192367795, 7 , 1 , 1 , 10 , 8 , 8 ),
(11192324750,  NULL, NULL, NULL, NULL,  NULL, NULL),
(11192308348,  NULL, NULL, NULL, NULL,  NULL, NULL),
(11192128490,  NULL, NULL, NULL, NULL,  NULL, NULL),
(11192084771, 8 , 6 , 9 , 8 , NULL  , 8 ),
(11191972912,  NULL, NULL, NULL, NULL,  NULL, NULL),
(11191938452, 7 , 6 , 6 , 6 , 6 , 8 ),
(11191928548,  NULL, NULL, NULL, NULL,  NULL, NULL),
(11191885948, 10 , 7 , 10 , 8 , 10 , 7 ),
(11191865188,  NULL, NULL, NULL, NULL,  NULL, NULL),
(11191864423,  NULL, NULL, NULL, NULL,  NULL, NULL),
(11191862152,  NULL, NULL, NULL, NULL,  NULL, NULL),
(11191852624, 8 , 5 , 8 , 7 , 10 , 5 ),
(11191823721,  NULL, NULL, NULL, NULL,  NULL, NULL),
(11191821952,  NULL, NULL, NULL, NULL,  NULL, NULL),
(11191790774, 6 , 2 , 6 , 6 , 8 , 8 ),
(11191772139, 8 , 2 , 5 , 3 , 8 , NULL  ),
(11191760230, 8 , 3 , 5 , 5 , 7 , 3 ),
(11191758181,  NULL, NULL, NULL, NULL,  NULL, NULL),
(11191730643,  NULL, NULL, NULL, NULL,  NULL, NULL),
(11191721170,  NULL, NULL, NULL, NULL,  NULL, NULL),
(11191711496,  NULL, NULL, NULL, NULL,  NULL, NULL),
(11191706026, 10 , 1 , 9 , 5 , 9 , 9 ),
(11191691891,  NULL, NULL, NULL, NULL,  NULL, NULL),
(11191669191,  NULL, NULL, NULL, NULL,  NULL, NULL),
(11191666012,  NULL, NULL, NULL, NULL,  NULL, NULL),
(11191626855,  NULL, NULL, NULL, NULL,  NULL, NULL),
(11191619369, 8 , 7 , 9 , 9 ,  NULL, NULL),
(11191611632,  NULL, NULL, NULL, NULL,  NULL, NULL),
(11191610756, 8 , 5 , 10 , 10 , 10 , 10 ),
(11191606877,  NULL, NULL, NULL, NULL,  NULL, NULL),
(11191579200, 8 , 7 , 10 , 10 , 10 , 4 ),
(11191573617,  NULL, NULL, NULL, NULL,  NULL, NULL),
(11191569601,  NULL, NULL, NULL, NULL,  NULL, NULL),
(11191554672,  NULL, NULL, NULL, NULL,  NULL, NULL),
(11191539246,  NULL, NULL, NULL, NULL,  NULL, NULL),
(11191531874,  NULL, NULL, NULL, NULL,  NULL, NULL),
(11191521646, 8 , 8 , 9 , 9 , 9 , 3 ),
(11191507447, 8 , 5 , 9 , 9 , 9 , 6 ),
(11191497815, 6 , 2 , 10 , 10 , 10 , 10 ),
(11191494986,  NULL, NULL, NULL, NULL,  NULL, NULL),
(11191474499,  NULL, NULL, NULL, NULL,  NULL, NULL),
(11191449636, 6 , 1 , 2 , 2 , 8 , 10 ),
(11191446365,  NULL, NULL, NULL, NULL,  NULL, NULL),
(11191433164,  NULL, NULL, NULL, NULL,  NULL, NULL),
(11191390100,  NULL, NULL, NULL, NULL,  NULL, NULL),
(11191367629, 10 , 6 , 9 , 9 , 9 , 10 ),
(11191339647,  NULL, NULL, NULL, NULL,  NULL, NULL),
(11191338482, 9 , 5 , 8 , 10 , 9 , 10 ),
(11191305793,  NULL, NULL, NULL, NULL,  NULL, NULL),
(11191276000,  NULL, NULL, NULL, NULL,  NULL, NULL),
(11191257168,  NULL, NULL, NULL, NULL,  NULL, NULL),
(11191242266,  NULL, NULL, NULL, NULL,  NULL, NULL),
(11191226253,  NULL, NULL, NULL, NULL,  NULL, NULL),
(11191212255,  NULL, NULL, NULL, NULL,  NULL, NULL),
(11191197049,  NULL, NULL, NULL, NULL,  NULL, NULL),
(11191171235,  NULL, NULL, NULL, NULL,  NULL, NULL),
(11191147687,  NULL, NULL, NULL, NULL,  NULL, NULL),
(11191128173,  NULL, NULL, NULL, NULL,  NULL, NULL),
(11189436694,  NULL, NULL, NULL, NULL,  NULL, NULL),
(11189400874,  NULL, NULL, NULL, NULL,  NULL, NULL),
(11189360205, 9 , 7 , 8 , 7 , NULL  , 8 ),
(11189156358,  NULL, NULL, NULL, NULL,  NULL, NULL),
(11189137538,  NULL, NULL, NULL, NULL,  NULL, NULL),
(11189105475,  NULL, NULL, NULL, NULL,  NULL, NULL),
(11189086296, 10 , 8 , 10 , 10 , 10 , 10 ),
(11189080269,  NULL, NULL, NULL, NULL,  NULL, NULL),
(11189039568,  NULL, NULL, NULL, NULL,  NULL, NULL),
(11189038787,  NULL, NULL, NULL, NULL,  NULL, NULL),
(11188980803, 8 , 7 , 9 , 10 , 10 , 8 ),
(11188974778,  NULL, NULL, NULL, NULL,  NULL, NULL),
(11188959453,  NULL, NULL, NULL, NULL,  NULL, NULL),
(11188891737,  NULL, NULL, NULL, NULL,  NULL, NULL),
(11188877410,  NULL, NULL, NULL, NULL,  NULL, NULL),
(11188865039,  NULL, NULL, NULL, NULL,  NULL, NULL),
(11188845460, 10 , 5 , 5 , 8 , 9 , 4 ),
(11188836617, 7 , 7 , 9 , 8 , 9 , 10 ),
(11188823977,  NULL, NULL, NULL, NULL,  NULL, NULL),
(11188814666,  NULL, NULL, NULL, NULL,  NULL, NULL),
(11188801369, 6 , 1 , 8 , 8 , 8 , 4 ),
(11188747446, 6 , 6 , 6 , 7 , 3 , NULL  ),
(11188747380,  NULL, NULL, NULL, NULL,  NULL, NULL),
(11188745893, 8 , 8 , 9 , 8 , 7 , 6 ),
(11188701643, 9 , 5 , 10 , 10 , 10 , 6 ),
(11188679264, 8 , 2 , 8 , 8 , 8 , 10 ),
(11188652386,  NULL, NULL, NULL, NULL,  NULL, NULL),
(11188648353,  NULL, NULL, NULL, NULL,  NULL, NULL),
(11188610512,  NULL, NULL, NULL, NULL,  NULL, NULL),
(11188583710,  NULL, NULL, NULL, NULL,  NULL, NULL),
(11188571079, 8 , 7 , 10 , 10 , 5 , 4 ),
(11188533142, 5 , 5 , 9 , 8 , 9 , 2 ),
(11188523579, 7 , 5 , 9 , 9 , 10 , NULL  ),
(11188512936, 7 , 1 , 5 , 5 , 5 , 5 ),
(11188490590,  NULL, NULL, NULL, NULL,  NULL, NULL),
(11188483765, 10 , 4 , 10 , 10 , 10 , 3 ),
(11188467507, 6 , 3 , 7 , 6 , 6 , 8 ),
(11188437445,  NULL, NULL, NULL, NULL,  NULL, NULL),
(11188435407, 10 , NULL  , 10 , 10 , 10 , 10 ),
(11188330886, 7 , 5 , NULL  , 8 , 4 , NULL  ),
(11188322618,  NULL, NULL, NULL, NULL,  NULL, NULL),
(11188317590,  NULL, NULL, NULL, NULL,  NULL, NULL),
(11188293899,  NULL, NULL, NULL, NULL,  NULL, NULL),
(11188283528, 7 , 10 , 5 , 5 , 8 , 8 ),
(11188267654,  NULL, NULL, NULL, NULL,  NULL, NULL),
(11188260275,  NULL, NULL, NULL, NULL,  NULL, NULL),
(11188253093, 7 , 1 , 10 , 6 , 10 , 7 ),
(11188246928,  NULL, NULL, NULL, NULL,  NULL, NULL),
(11188245784,  NULL, NULL, NULL, NULL,  NULL, NULL),
(11188245398,  NULL, NULL, NULL, NULL,  NULL, NULL),
(11188218871,  NULL, NULL, NULL, NULL,  NULL, NULL),
(11188207494, 9 , 6 , 9 , 9 , 8 , 9 ),
(11188206285, 7 , 7 , NULL  , 5 , NULL  , 5 ),
(11188201919,  NULL, NULL, NULL, NULL,  NULL, NULL),
(11188187118,  NULL, NULL, NULL, NULL,  NULL, NULL),
(11188177655, 8 , 4 , 5 , 6 , 8 , 4 ),
(11188169152,  NULL, NULL, NULL, NULL,  NULL, NULL),
(11188169002,  NULL, NULL, NULL, NULL,  NULL, NULL),
(11188155017, 5 , 5 , 8 , 9 , NULL  , 9 ),
(11188150857,  NULL, NULL, NULL, NULL,  NULL, NULL),
(11188149720,  NULL, NULL, NULL, NULL,  NULL, NULL),
(11188108075, 7 , 2 , 7 , 7 , 7 , 5 ),
(11188091395, NULL  , NULL  , 8 , 8 , 8 , NULL  ),
(11188083061,  NULL, NULL, NULL, NULL,  NULL, NULL),
(11188076934, 7 , 7 , 10 , 7 , 9 , 5 ),
(11188053422,  NULL, NULL, NULL, NULL,  NULL, NULL),
(11188052580,  NULL, NULL, NULL, NULL,  NULL, NULL),
(11188050885, 8 , 3 , 8 , 8 , 6 , 4 ),
(11188033722,  NULL, NULL, NULL, NULL,  NULL, NULL),
(11188026304, 5 , 1 , 8 , 8 , 8 , 7 ),
(11188024310, 9 , 5 , 6 , 10 , 9 , 8 ),
(11188021072, 10 , 8 , 7 , 8 , 8 , 9 ),
(11188014226,  NULL, NULL, NULL, NULL,  NULL, NULL),
(11188013281, 7 , 2 , 7 , 7 , 8 , 10 ),
(11188004007,  NULL, NULL, NULL, NULL,  NULL, NULL),
(11188002861, 8 , 6 , 7 , 8 , 8 , 7 ),
(11188001527,  NULL, NULL, NULL, NULL,  NULL, NULL),
(11187999120,  NULL, NULL, NULL, NULL,  NULL, NULL),
(11187986619,  NULL, NULL, NULL, NULL,  NULL, NULL),
(11187971664,  NULL, NULL, NULL, NULL,  NULL, NULL),
(11187966922, 8 , 3 , 8 , 8 , 9 , 5 ),
(11187965830, 3 , 1 , 5 , 2 , 10 , NULL  ),
(11187953173,  NULL, NULL, NULL, NULL,  NULL, NULL),
(11187942862,  NULL, NULL, NULL, NULL,  NULL, NULL),
(11187934321,  NULL, NULL, NULL, NULL,  NULL, NULL),
(11187920695,  NULL, NULL, NULL, NULL,  NULL, NULL),
(11187918050, 9 , 1 , 8 , 8 , 6 , 9 ),
(11187909802,  NULL, NULL, NULL, NULL,  NULL, NULL),
(11187908376,  NULL, NULL, NULL, NULL,  NULL, NULL),
(11187889785, 8 , 4 , 9 , 8 , 8 , 8 ),
(11187870687, 4 , 2 , 3 , 2 , 5 , 1 ),
(11187862632, 8 , 3 , NULL  , 7 , 7 , 7 ),
(11187840271, 7 , 1 , 10 , 10 , 10 , 5 ),
(11187826432, 6 , 6 , 8 , 10 , NULL  , 10 ),
(11187813009, 5 , 2 , 7 , 5 , 8 , 8 ),
(11186534754,  NULL, NULL, NULL, NULL,  NULL, NULL),
(11186532196, 6 , 4 , 7 , 8 , 7 , 8 ),
(11186532141,  NULL, NULL, NULL, NULL,  NULL, NULL),
(11186527797,  NULL, NULL, NULL, NULL,  NULL, NULL),
(11186506270, 8 , 7 , 9 , 9 , 10 , 9 ),
(11186503238, 3 , 6 , 6 , 7 , NULL  , 4 ),
(11186499495,  NULL, NULL, NULL, NULL,  NULL, NULL),
(11186497432, 8 , 5 , 9 , 9 , 9 , 8 ),
(11186491391, 7 , 5 , 8 , 8 , 5 , 4 ),
(11186490197,  NULL, NULL, NULL, NULL,  NULL, NULL),
(11186485667, 5 , 4 , 10 , 8 , 10 , 2 ),
(11186482046, 5 , 8 , 7 , 5 , 10 , 4 ),
(11186481461,  NULL, NULL, NULL, NULL,  NULL, NULL),
(11186471915, 10 , 6 , 10 , 8 , 10 , 8 ),
(11186471579,  NULL, NULL, NULL, NULL,  NULL, NULL),
(11186466504, 3 , 1 , 5 , 7 , 2 , 3 ),
(11186454604,  NULL, NULL, NULL, NULL,  NULL, NULL),
(11186452675, 8 , 3 , 9 , 9 , 8 , 6 ),
(11186442374,  NULL, NULL, NULL, NULL,  NULL, NULL),
(11186430066,  NULL, NULL, NULL, NULL,  NULL, NULL),
(11186429643, 7 , 2 , 8 , 8 , 6 , 5 ),
(11186421964, 10 , 2 , 9 , 10 , 10 , 10 ),
(11186416684,  NULL, NULL, NULL, NULL,  NULL, NULL),
(11186413914, 7 , 2 , 8 , 8 , 8 , 6 ),
(11186412054, 7 , 5 , 7 , 8 , 6 , 4 ),
(11186408766,  NULL, NULL, NULL, NULL,  NULL, NULL),
(11186408075, 9 , 9 , 9 , 9 , 10 , 8 ),
(11186402510, 5 , 2 , 5 , 5 , 5 , 3 ),
(11186395948,  NULL, NULL, NULL, NULL,  NULL, NULL),
(11186391163,  NULL, NULL, NULL, NULL,  NULL, NULL),
(11186390852,  NULL, NULL, NULL, NULL,  NULL, NULL),
(11186389992, 7 , 3 , 8 , 9 , 7 , 5 ),
(11186389247,  NULL, NULL, NULL, NULL,  NULL, NULL),
(11186387900,  NULL, NULL, NULL, NULL,  NULL, NULL),
(11186383178,  NULL, NULL, NULL, NULL,  NULL, NULL),
(11186380341, 8 , 1 , 6 , 7 , 6 , 5 ),
(11186376927, 7 , 5 , 9 , 9 , 10 , 10 ),
(11186374560, 10 , 6 , 9 , 10 , NULL  , 10 ),
(11186372598,  NULL, NULL, NULL, NULL,  NULL, NULL),
(11186369731,  NULL, NULL, NULL, NULL,  NULL, NULL),
(11186361028,  NULL, NULL, NULL, NULL,  NULL, NULL),
(11186358208,  NULL, NULL, NULL, NULL,  NULL, NULL),
(11186358102, 8 , 1 , 7 , 7 , 8 , 6 ),
(11186353595,  NULL, NULL, NULL, NULL,  NULL, NULL),
(11186346564,  NULL, NULL, NULL, NULL,  NULL, NULL),
(11186342724,  NULL, NULL, NULL, NULL,  NULL, NULL),
(11186335526,  NULL, NULL, NULL, NULL,  NULL, NULL),
(11186325639, 10 , 1 , 5 , 6 , 8 , NULL  ),
(11186319236,  NULL, NULL, NULL, NULL,  NULL, NULL),
(11186315357, 7 , 9 , 7 , 7 , 10 , 10 ),
(11186312908, 7 , 6 , 8 , 8 , 10 , 7 ),
(11186309572, 7 , 2 , 8 , 8 , 6 , 4 ),
(11186303426, 6 , 3 , 10 , 8 , NULL  , 6 ),
(11186299148,  NULL, NULL, NULL, NULL,  NULL, NULL),
(11186296440, 1 , NULL , 8 , 10 , NULL  , NULL  ),
(11186294372, 6 , 1 , 7 , 8 , 6 , 4 ),
(11186292411, 10 , 6 , 10 , 8 , 10 , 5 ),
(11186291822,  NULL, NULL, NULL, NULL,  NULL, NULL),
(11186285174,  NULL, NULL, NULL, NULL,  NULL, NULL),
(11186283314,  NULL, NULL, NULL, NULL,  NULL, NULL),
(11186279873, 6 , 1 , 8 , 7 , 5 , 2 ),
(11186274631, 10 , 8 , 10 , 10 , 9 , 8 ),
(11186270848, 8 , 5 , 5 , 7 , 7 , 8 ),
(11186269751,  NULL, NULL, NULL, NULL,  NULL, NULL),
(11186268838, 10 , 6 , 6 , 9 , 9 , 5 ),
(11186263252,  NULL, NULL, NULL, NULL,  NULL, NULL),
(11186262894,  NULL, NULL, NULL, NULL,  NULL, NULL),
(11186252284, 5 , 4 , 10 , 8 , 10 , 9 ),
(11186251708,  NULL, NULL, NULL, NULL,  NULL, NULL),
(11186251272, 7 , 3 , 8 , 8 , 5 , 1 ),
(11186248138, 8 , 4 , 4 , 6 , 8 , 9 ),
(11186242842, 7 , 8 , 9 , 8 , 6 , 8 ),
(11186240187, 8 , 1 , 8 , 8 , 8 , 5 ),
(11186236777, 7 , 3 , 6 , 7 , 5 , 2 ),
(11186236366,  NULL, NULL, NULL, NULL,  NULL, NULL),
(11186228117, 8 , 7 , 7 , 8 , 9 , 7 ),
(11186225422,  NULL, NULL, NULL, NULL,  NULL, NULL),
(11186217794, 9 , 10 , 10 , 10 , 10 , 1 ),
(11186211374, 5 , 1 , 5 , 5 , 8 , 6 ),
(11186210703,  NULL, NULL, NULL, NULL,  NULL, NULL),
(11186206067,  NULL, NULL, NULL, NULL,  NULL, NULL),
(11186205578,  NULL, NULL, NULL, NULL,  NULL, NULL),
(11186205020, 5 , 1 , 7 , 7 , 8 , 5 ),
(11186204849,  NULL, NULL, NULL, NULL,  NULL, NULL),
(11186201187,  NULL, NULL, NULL, NULL,  NULL, NULL),
(11186198157,  NULL, NULL, NULL, NULL,  NULL, NULL),
(11186196986, 6 , 3 , 6 , 4 , 6 , 4 ),
(11186188848,  NULL, NULL, NULL, NULL,  NULL, NULL),
(11186186595, 3 , 5 , 10 , 10 , 10 , 7 ),
(11186181260,  NULL, NULL, NULL, NULL,  NULL, NULL),
(11186180419, 8 , 7 , 7 , 7 , NULL  , 10 ),
(11186178814, 6 , 2 , 6 , 6 , 10 , 4 ),
(11186169877, 7 , 4 , 8 , 7 , 6 , 9 ),
(11186167084,  NULL, NULL, NULL, NULL,  NULL, NULL),
(11186165587,  NULL, NULL, NULL, NULL,  NULL, NULL),
(11186165519, NULL , 7 , 7 , 6, NULL , 6 ),
(11186165371, 8 , 1 , 8 , 6 , 6 , 10 ),
(11186164424,  NULL, NULL, NULL, NULL,  NULL, NULL),
(11186159516, 8 , 3 , 9 , 8 , 10 , 7 ),
(11186155070,  NULL, NULL, NULL, NULL,  NULL, NULL),
(11186154846, 7 , 6 , 10 , 10 , 8 , NULL  ),
(11186152159,  NULL, NULL, NULL, NULL,  NULL, NULL),
(11186147991, 8 , 5 , 8 , 8 , 6 , 7 ),
(11186147841, 7 , 5 , 8 , 6 , 8 , 5 ),
(11186143906, 1 , 2 , 1 , 1 , 5 , 3 ),
(11186142791, 7 , 5 , 8 , 8 , 9 , 10 ),
(11186139524,  NULL, NULL, NULL, NULL,  NULL, NULL),
(11186138448, 8 , 8 , 9 , 9 , 9 , 9 ),
(11186134658, 1 , 6 , 6 , 6 , 2 , 3 ),
(11186134232, 6 , 1 , 8 , 7 , 6 , 5 ),
(11186131159,  NULL, NULL, NULL, NULL,  NULL, NULL),
(11186126909, 10 , 1 , 8 , 7 , 5 , 1 ),
(11186125505, 8 , 1 , 9 , 9 , 8 , 5 ),
(11186117474, 7 , 2 , 8 , 8 , 6 , 4 ),
(11186113023,  NULL, NULL, NULL, NULL,  NULL, NULL),
(11186108236,  NULL, NULL, NULL, NULL,  NULL, NULL),
(11186108176, 8 , 8 , 8 , 7 , 9 , 6 ),
(11186103670,  NULL, NULL, NULL, NULL,  NULL, NULL),
(11186099132, 6 , 2 , 7 , 8 , 7 , 7 ),
(11186086570, 7 , 3 , 7 , 7 , 8 , 6 ),
(11186071894, 8 , 4 , 7 , 6 , 6 , 6 ),
(11186063274, 5 , 3 , 8 , 8 , 7 , 6 ),
(11186010139, 7 , 2 , 7 , 7 , 7 , 5 ),
(11185287750,  NULL, NULL, NULL, NULL,  NULL, NULL),
(11185283828,  NULL, NULL, NULL, NULL,  NULL, NULL),
(11185282731, 9 , 8 , 9 , 10 , 9 , 10 ),
(11185280555,  NULL, NULL, NULL, NULL,  NULL, NULL),
(11185277778, 8 , 1 , 8 , 7 , 9 , 7 ),
(11185273586, 6 , 6 , 8 , 7 , 8 , 5 ),
(11185272686,  NULL, NULL, NULL, NULL,  NULL, NULL),
(11185265564, 8 , 2 , 5 , 8 , 8 , 7 ),
(11185261402,  NULL, NULL, NULL, NULL,  NULL, NULL),
(11185259224,  NULL, NULL, NULL, NULL,  NULL, NULL),
(11185253416,  NULL, NULL, NULL, NULL,  NULL, NULL),
(11185250549,  NULL, NULL, NULL, NULL,  NULL, NULL),
(11185249868,  NULL, NULL, NULL, NULL,  NULL, NULL),
(11185249349, 8 , 7 , 7 , 8 , 9 , 4 ),
(11185238408,  NULL, NULL, NULL, NULL,  NULL, NULL),
(11185231277,  NULL, NULL, NULL, NULL,  NULL, NULL),
(11185224663,  NULL, NULL, NULL, NULL,  NULL, NULL),
(11185216583, 4 , 2 , 6 , 6 , 6 , 2 ),
(11185212086, 5 , 3 , 8 , 8 , 8 , 7 ),
(11185209298,  NULL, NULL, NULL, NULL,  NULL, NULL),
(11185206627, 8 , 5 , 9 , 5 , 6 , 4 ),
(11185204150,  NULL, NULL, NULL, NULL,  NULL, NULL),
(11185201389, 4 , 1 , 7 , 7 , 8 , NULL ),
(11185200344,  NULL, NULL, NULL, NULL,  NULL, NULL),
(11185196714,  NULL, NULL, NULL, NULL,  NULL, NULL),
(11185192118,  NULL, NULL, NULL, NULL,  NULL, NULL),
(11185190630, 8 , 1 , 8 , 1 , 8 , 4 ),
(11185190296,  NULL, NULL, NULL, NULL,  NULL, NULL),
(11185188666, 5 , 2 , 6 , 6 , 7 , 5 ),
(11185187904, 3 , 2 , 5 , 8 , 6 , 1 ),
(11185186874, 10 , 1 , 7 , 7 , 7 , 10 ),
(11185182850, 7 , 4 , 8 , 5 , 2 , 4 ),
(11185182400,  NULL, NULL, NULL, NULL,  NULL, NULL),
(11185179262, 7 , 1 , 7 , 9 , 9 , 5 ),
(11185176905,  NULL, NULL, NULL, NULL,  NULL, NULL),
(11185173219,  NULL, NULL, NULL, NULL,  NULL, NULL),
(11185172069,  NULL, NULL, NULL, NULL,  NULL, NULL),
(11185171203, 8 , 4 , 8 , 7 , 6 , 9 ),
(11185167237, 7 , 5 , 8 , 8 , 8 , 7 ),
(11185163671,  NULL, NULL, NULL, NULL,  NULL, NULL),
(11185162496, 6 , 5 , 8 , 8 , 7 , 4 ),
(11185160639,  NULL, NULL, NULL, NULL,  NULL, NULL),
(11185158996,  NULL, NULL, NULL, NULL,  NULL, NULL),
(11185155412,  NULL, NULL, NULL, NULL,  NULL, NULL),
(11185150443,  NULL, NULL, NULL, NULL,  NULL, NULL),
(11185146451, 1 , 1 , 9 , 1 , 1 , 1 ),
(11185138749, 1 , 5 , 9 , 9 , 8 , 6 ),
(11185128974,  NULL, NULL, NULL, NULL,  NULL, NULL),
(11185125296,  NULL, NULL, NULL, NULL,  NULL, NULL),
(11185123485, 7 , 5 , 7 , 7 , 6 , NULL  ),
(11185121981, 8 , 1 , 8 , 10 , 5 , 6 ),
(11185114653, 5 , 1 , 7 , 7 , 5 , 5 ),
(11185114496, 8 , 2 , 5 , 5 , 6 , 5 ),
(11185112223,  NULL, NULL, NULL, NULL,  NULL, NULL),
(11185105455,  NULL, NULL, NULL, NULL,  NULL, NULL),
(11185104389, 10 , 1 , 8 , 8 , 10 , 10 ),
(11185103932, 7 , 5 , 7 , 7, NULL , 10 ),
(11185102397,  NULL, NULL, NULL, NULL,  NULL, NULL),
(11185102387, 6 , 1 , 4 , 6 , 5 , 7 ),
(11185092616, 7 , 6 , 7 , 6 , 7 , 6 ),
(11185091378, NULL  , 3 , 5 , 8 , NULL  , 5 ),
(11185090849,  NULL, NULL, NULL, NULL,  NULL, NULL),
(11185086060, 5 , 2 , 6 , 7 , 6 , 5 ),
(11185084903, 8 , 3 , 8 , 8 , 6 , NULL  ),
(11185076735,  NULL, NULL, NULL, NULL,  NULL, NULL),
(11185076351, NULL  , NULL  , 7 , NULL  , NULL  , NULL  ),
(11185076212,  NULL, NULL, NULL, NULL,  NULL, NULL),
(11185066425,  NULL, NULL, NULL, NULL,  NULL, NULL),
(11185065115,  NULL, NULL, NULL, NULL,  NULL, NULL),
(11185061689, 5 , 1 , 7 , 7 , 8 , 7 ),
(11185058532, 8 , NULL  , 10 , 10 , 10 , 7 ),
(11185043594, 7 , 6 , 9 , 9 , 9 , 8 ),
(11185040345,  NULL, NULL, NULL, NULL,  NULL, NULL),
(11185036094, 6 , 2 , 7 , 7 , 8 , 6 ),
(11185027456, 8 , 4 , NULL  , 8 , 8 , 6 ),
(11185024117, 6 , 2 , 6 , 7 , 7 , 6 ),
(11185021552,  NULL, NULL, NULL, NULL,  NULL, NULL),
(11185018481, 5 , 3 , 6 , 7 , 7 , 6 ),
(11185016211,  NULL, NULL, NULL, NULL,  NULL, NULL),
(11185014666,  NULL, NULL, NULL, NULL,  NULL, NULL),
(11185008480, 7 , 3 , 7 , 7 , 6 , 6 ),
(11185007425,  NULL, NULL, NULL, NULL,  NULL, NULL),
(11185001407, 2 , 4 , 10 , 10 , 1 , 1 ),
(11184996904, 4 , 3 , 7 , 7 , 6 , 5 ),
(11184996890,  NULL, NULL, NULL, NULL,  NULL, NULL),
(11184993244,  NULL, NULL, NULL, NULL,  NULL, NULL),
(11184991802,  NULL, NULL, NULL, NULL,  NULL, NULL),
(11184988898, 5 , 6 , 6 , 6 , 8 , 6 ),
(11184984229,  NULL, NULL, NULL, NULL,  NULL, NULL),
(11184981003,  NULL, NULL, NULL, NULL,  NULL, NULL),
(11184979930,  NULL, NULL, NULL, NULL,  NULL, NULL),
(11184972816, 6 , 4 , 5 , 8 , 7 , 8 ),
(11184968903,  NULL, NULL, NULL, NULL,  NULL, NULL),
(11184968712,  NULL, NULL, NULL, NULL,  NULL, NULL),
(11184963682,  NULL, NULL, NULL, NULL,  NULL, NULL),
(11184957875, 8 , 4 , 7 , 4 , 8 , 6 ),
(11184951045, 8 , 3 , 5 , 6 , 5 , 6 ),
(11184942981, 8 , 3 , 8 , 8 , NULL  , 10 ),
(11184938587,  NULL, NULL, NULL, NULL,  NULL, NULL),
(11184936131, 3 , 1 , 8 , 6 , 7 , 7 ),
(11184935409, 6 , 1 , 5 , 6 , NULL , 7 ),
(11184934500,  NULL, NULL, NULL, NULL,  NULL, NULL),
(11184930583, 6 , 3 , 7 , 8 , 6 , 7 ),
(11184928065, 8 , 6 , 10 , 10 , 10 , 7 ),
(11184923465, 8 , 1 , 5 , 7 , 6 , 4 ),
(11184915705,  NULL, NULL, NULL, NULL,  NULL, NULL),
(11184915200, 7 , 4 , 8 , 8 , 7 , 7 ),
(11184915178, 6 , 3 , 8 , 6 , 5 , 6 ),
(11184910007, 7 , 8 , 8 , 8 , 10 , 8 ),
(11184906726, 10 , 1 , 8 , 8 , 8 , NULL  ),
(11184899004,  NULL, NULL, NULL, NULL,  NULL, NULL),
(11184898897,  NULL, NULL, NULL, NULL,  NULL, NULL),
(11184894937, 5 , 1 , 5 , 1 , 1 , 5 ),
(11184892989, 5 , 1 , 9 , 9 , 9 , 2 ),
(11184892505, 4 , 1 , 2 , 2 , 2 , 3 ),
(11184886322,  NULL, NULL, NULL, NULL,  NULL, NULL),
(11184881882, 10 , 5 , 8 , 10 , 10 , 5 ),
(11184879831, 3 , 3 , 5 , 4 , 2 , 1 ),
(11184876840, 6 , 5, NULL, NULL   , 7   , 7 ),
(11184873706,  NULL, NULL, NULL, NULL,  NULL, NULL),
(11184869378,  NULL, NULL, NULL, NULL,  NULL, NULL),
(11184863242, 10 , 2 , 5 , 6 , 8 , 10 ),
(11184857575, 7 , 1 , 7 , 7 , 8 , 8 ),
(11184857331,  NULL, NULL, NULL, NULL,  NULL, NULL),
(11184855692,  NULL, NULL, NULL, NULL,  NULL, NULL),
(11184854712, 10 , 2 , NULL  , 8 , 8 , 7 ),
(11184854362, 7 , 1 , 7 , 10 , 10 , NULL  ),
(11184853533, 10 , 6 , 7 , 7 , 9 , 8 ),
(11184851193, 4 , 4 , 7 , 7 , 8 , 4 ),
(11184846220,  NULL, NULL, NULL, NULL,  NULL, NULL),
(11184845260, 7 , 1 , 8 , 8 , 8 , 9 ),
(11184844521, 7 , 1 , 5 , 5 , 7 , 9 ),
(11184844475, 6 , 1 , 8 , 7 , 6 , 8 ),
(11184844024, 7 , 3 , 6 , 6 , 7 , 5 ),
(11184843869,  NULL, NULL, NULL, NULL,  NULL, NULL),
(11184842260,  NULL, NULL, NULL, NULL,  NULL, NULL),
(11184836356, 6 , 1 , 10 , 5 , 10 , 5 ),
(11184835233, 8 , 1 , 6 , 8 , 8 , 8 ),
(11184834511, 8 , 1 , 5 , 6 , 6 , 7 ),
(11184833278, 8 , 1 , 3 , 8 , NULL  , 3 ),
(11184831554,  NULL, NULL, NULL, NULL,  NULL, NULL),
(11184830740, 7 , 3 , 7 , 8 , 7 , 5 ),
(11184829731, 5 , 7 , 10 , 10 , 6 , 10 ),
(11184828113, 7 , 1 , NULL  , 7 , 5 , 8 ),
(11184826965, 8 , 1 , 6 , 6 , 8 , 7 ),
(11184825322, 8 , 3 , 8 , 8 , 8 , 5 ),
(11184824684,  NULL, NULL, NULL, NULL,  NULL, NULL),
(11184824061, 9 , 4 , 8 , 7 , 7 , 7 ),
(11184822699, 1 , 1 , 10 , 10 , 9, NULL ),
(11184820860, 8 , 1 , 5 , 8 , 8 , 9 ),
(11184818396,  NULL, NULL, NULL, NULL,  NULL, NULL),
(11184816743, 5 , 5 , 5 , 5 , 3 , 2 ),
(11184815125, 8 , 5 , 9 , 7 , 9 , 6 ),
(11184813852,  NULL, NULL, NULL, NULL,  NULL, NULL),
(11184811222, NULL  , 10 , 10 , 10 , 10 , NULL  ),
(11184807979, 8 , 5 , 6 , 7 , 5 , 5 ),
(11184807843, 7 , 2 , 6 , 6 , 7 , 10 ),
(11184807396, 9 , 4 , 9 , 8 , 9 , 6 ),
(11184806050,  NULL, NULL, NULL, NULL,  NULL, NULL),
(11184803258,  NULL, NULL, NULL, NULL,  NULL, NULL),
(11184803113, 6 , 3 , 6 , 6 , 9 , 4 ),
(11184798668, 8 , 7 , 7 , 7 , 7 , 7 ),
(11184796958,  NULL, NULL, NULL, NULL,  NULL, NULL),
(11184796811, 7 , 9 , 9 , 10 , 8 , 7 ),
(11184795625,  NULL, NULL, NULL, NULL,  NULL, NULL),
(11184794889,  NULL, NULL, NULL, NULL,  NULL, NULL),
(11184794360, 5 , 1 , 8 , 8 , NULL  , 7 ),
(11184788787, 8 , 5 , 8 , 8 , 8 , NULL  ),
(11184785706, 6 , 1 , 6 , 8 , 9 , 6 ),
(11184784605, 5 , 1 , 10 , 7 , 7 , 8 ),
(11184784475, 10 , 1 , 4 , 8 , 4 , 6 ),
(11184782791, 9 , 3 , 10 , 10 , 10 , 10 ),
(11184777910,  NULL, NULL, NULL, NULL,  NULL, NULL),
(11184777132,  NULL, NULL, NULL, NULL,  NULL, NULL),
(11184776193, 7 , 6 , 10 , 7 , 10 , 5 ),
(11184775495,  NULL, NULL, NULL, NULL,  NULL, NULL),
(11184773705, 5 , 5 , 5 , 7 , 3 , 5 ),
(11184768695,  NULL, NULL, NULL, NULL,  NULL, NULL),
(11184768413,  NULL, NULL, NULL, NULL,  NULL, NULL),
(11184765357,  NULL, NULL, NULL, NULL,  NULL, NULL),
(11184760696, 6 , 6 , 7 , 7 , 9 , 6 ),
(11184757595, 5 , 6 , 9 , 8 , 9 , 8 ),
(11184753585, 7 , 4 , 7 , 6 , 7 , 6 ),
(11184744835, 1 , 1 , 1 , 1 , 1 , 6 ),
(11184145224, 5 , 1 , 5 , 5 , 9 , 6 ),
(11183990344,  NULL, NULL, NULL, NULL,  NULL, NULL),
(11183974182,  NULL, NULL, NULL, NULL,  NULL, NULL),
(11183952368, 6 , 1 , 8 , 8 , 8 , 9 ),
(11183941822,  NULL, NULL, NULL, NULL,  NULL, NULL),
(11183921872,  NULL, NULL, NULL, NULL,  NULL, NULL),
(11183917230, 7 , 6 , 7 , 8 , 8 , 6 ),
(11183910621,  NULL, NULL, NULL, NULL,  NULL, NULL),
(11183898223,  NULL, NULL, NULL, NULL,  NULL, NULL),
(11183876149, 4 , 6 , 7 , 7 , 7 , 5 ),
(11183870468,  NULL, NULL, NULL, NULL,  NULL, NULL),
(11183850837,  NULL, NULL, NULL, NULL,  NULL, NULL),
(11183843595, 6 , 4 , 7 , 10 , 6 , 8 ),
(11183842132,  NULL, NULL, NULL, NULL,  NULL, NULL),
(11183834370, 7 , 7 , 7 , 8 , 8 , 8 ),
(11183833685,  NULL, NULL, NULL, NULL,  NULL, NULL),
(11183829380, 8 , 5 , 8 , 7 , 5 , 4 ),
(11183826790,  NULL, NULL, NULL, NULL,  NULL, NULL),
(11183818644,  NULL, NULL, NULL, NULL,  NULL, NULL),
(11183793931, 5 , 5 , 10 , 10 , 9 , 10 ),
(11183792546,  NULL, NULL, NULL, NULL,  NULL, NULL),
(11183789095, 9 , 4 , 6 , 8 , 6 , 8 ),
(11183787073,  NULL, NULL, NULL, NULL,  NULL, NULL),
(11183786102,  NULL, NULL, NULL, NULL,  NULL, NULL),
(11183781430,  NULL, NULL, NULL, NULL,  NULL, NULL),
(11183753130, 10 , 5 , 10 , 10 , 5 , 2 ),
(11183752237,  NULL, NULL, NULL, NULL,  NULL, NULL),
(11183750908, 10 , 5 , 9 , 9 , 10 , 8 ),
(11183738891, 8 , 7 , 8 , 5 , 9 , 7 ),
(11183738177, 6 , 3 , 6 , 8 , 4 , 8 ),
(11183718490,  NULL, NULL, NULL, NULL,  NULL, NULL),
(11183718384,  NULL, NULL, NULL, NULL,  NULL, NULL),
(11183710420,  NULL, NULL, NULL, NULL,  NULL, NULL),
(11183707552, 9 , 9 , 6 , 10 , 3 , 10 ),
(11183701801, 6 , 3 , 8 , 8 , 10 , 6 ),
(11183700668, 5 , 4 , 5 , 6 , 6 , 4 ),
(11183700351, 7 , 1 , 1 , 7 , 7 , 5 ),
(11183693690,  NULL, NULL, NULL, NULL,  NULL, NULL),
(11183685282,  NULL, NULL, NULL, NULL,  NULL, NULL),
(11183683708,  NULL, NULL, NULL, NULL,  NULL, NULL),
(11183678264,  NULL, NULL, NULL, NULL,  NULL, NULL),
(11183671207,  NULL, NULL, NULL, NULL,  NULL, NULL),
(11183663274,  NULL, NULL, NULL, NULL,  NULL, NULL),
(11183658236, 6 , 3 , 5 , 5 , 8 , 4 ),
(11183652547,  NULL, NULL, NULL, NULL,  NULL, NULL),
(11183651749, 7 , 6 , 5 , 7 , 9 , 5 ),
(11183630259,  NULL, NULL, NULL, NULL,  NULL, NULL),
(11183574217,  NULL, NULL, NULL, NULL,  NULL, NULL),
(11183573283,  NULL, NULL, NULL, NULL,  NULL, NULL),
(11183552140,  NULL, NULL, NULL, NULL,  NULL, NULL),
(11183541957, 9 , 6 , 8 , 8 , 9 , 7 ),
(11183531816,  NULL, NULL, NULL, NULL,  NULL, NULL),
(11183531523,  NULL, NULL, NULL, NULL,  NULL, NULL),
(11183524697, 10 , 8 , 10 , 8 , 5 , NULL  ),
(11183523884,  NULL, NULL, NULL, NULL,  NULL, NULL),
(11183511358, 8 , 1 , 9 , 8 , 8 , 2 ),
(11183505466, 8 , 4 , 10 , 10 , 9 , NULL  ),
(11183458207,  NULL, NULL, NULL, NULL,  NULL, NULL),
(11183434438,  NULL, NULL, NULL, NULL,  NULL, NULL),
(11183432525,  NULL, NULL, NULL, NULL,  NULL, NULL),
(11183432073, 10 , 5 , 10 , 6 , 10 , 10 ),
(11183411180, 8 , 7 , 10 , 8 , 9 , 7 ),
(11183408738, 7 , 3 , 5 , 6 , 6 , 8 ),
(11183403872,  NULL, NULL, NULL, NULL,  NULL, NULL),
(11183399453, 10 , 2 , 10 , 8 , 6 , 6 ),
(11183395616, 7 , 4 , 8 , 6 , 7 , 4 ),
(11183385881,  NULL, NULL, NULL, NULL,  NULL, NULL),
(11183382377,  NULL, NULL, NULL, NULL,  NULL, NULL),
(11183369876,  NULL, NULL, NULL, NULL,  NULL, NULL),
(11183358931, 4 , 4 , 7 , 8 , 10 , 4 ),
(11183340402, 6 , 3 , NULL , 6 , 5 , 5 ),
(11183336516, 2 , 5 , 5 , 5 , 6 , 1 ),
(11183333998, 7 , 5 , 5 , 7 , 2 , 2 ),
(11183331900,  NULL, NULL, NULL, NULL,  NULL, NULL),
(11183325898, 6 , 6 , 6 , 8 , 7 , 9 ),
(11183305939, 10 , 4 , 6 , 5 , 7 , 6 ),
(11183283550, 8 , 7 , 8 , 8 , 6 , 5 ),
(11183281371, 10 , 6 , 9 , 9 , 10 , 8 ),
(11183244271,  NULL, NULL, NULL, NULL,  NULL, NULL),
(11183199406,  NULL, NULL, NULL, NULL,  NULL, NULL),
(11183185468,  NULL, NULL, NULL, NULL,  NULL, NULL),
(11176670106,  NULL, NULL, NULL, NULL,  NULL, NULL),
(11176647420, 8 , 7 , 6 , 7 , 5 , 2 ),
(11176607355, 2 , 1 , 6 , 6 , 4 , 4 ),
(11176594485, 9 , 1 , 8 , 8 , 9 , 8 ),
(11176577651, 5 , NULL  , 8 , 7 , 5 , 6 ),
(11176551456, 7 , 5 , 8 , 8 , 1 , 8 ),
(11176537059,  NULL, NULL, NULL, NULL,  NULL, NULL),
(11176535785, 6 , 1 , 7 , 7 , 6 , 4 ),
(11176504859, 7 , 6 , 7 , 7 , 8 , 8 ),
(11176457360, 6 , 5 , 7 , 7 , 5 , 7 ),
(11176176050, 7 , 3 , 6 , 6 , 6 , 7 ),
(11176136921, 8 , 7 , 9 , 8 , 6 , 7 ),
(11176075644,  NULL, NULL, NULL, NULL,  NULL, NULL),
(11176033972, 8 , 5 , 8 , 8 , 8 , 5 ),
(11176021014, 7 , NULL , 7 , 7 , 8 , 9 ),
(11175986212, 7 , 1 , 6 , 5 , 3 , 8 ),
(11175912594, 6 , 5 , 8 , 9 , 10 , 10 ),
(11175877344, 8 , 1 , 5 , 10 , 7 , 8 ),
(11175868883, 5 , 1 , 9 , 1 , 9 , 8 );

CREATE TABLE IF NOT EXISTS Regiao (
RegiaoId INT NOT NULL,
NomeRegiao VARCHAR(20) NOT NULL
);

INSERT INTO Regiao(RegiaoId, NomeRegiao) VALUES
(1, 'Barreiro'),
(2, 'Centro-Sul'),
(3, 'Leste'),
(4, 'Nordeste'),
(5, 'Noroeste'),
(6, 'Norte'),
(7, 'Oeste'),
(8, 'Pampulha'),
(9, 'Venda Nova')
;

CREATE TABLE IF NOT EXISTS Tarefas (
EntrevistadoId BIGINT NULL,
RegionalMora INT NULL,
RegionalTouE INT NULL
);

INSERT INTO Tarefas(EntrevistadoId, RegionalMora, RegionalTouE) VALUES
(11196632526,8,5),
(11196554165,8,8),
(11196412624,8,NULL),
(11196320804,5,NULL),
(11196311984,5,5),
(11196291770,5,5),
(11196279632,5,5),
(11196243395,5,5),
(11196209652,8,2),
(11196204739,5,5),
(11196165983,8,8),
(11196082704,8,NULL),
(11196071920,5,5),
(11196053440,8,8),
(11196015887,5,5),
(11196007896,8,8),
(11195992311,1,NULL),
(11195990350,7,7),
(11195973675,7,7),
(11195960626,5,5),
(11195955258,1,2),
(11195934544,5,NULL),
(11195928266,8,NULL),
(11195881208,7,7),
(11195868087,5,5),
(11195851262,5,5),
(11195849705,7,NULL),
(11195798065,5,5),
(11195771243,5,5),
(11195744930,7,NULL),
(11195686950,7,7),
(11195609575,7,7),
(11195566015,7,7),
(11195217771,4,4),
(11195193550,4,4),
(11195179464,7,8),
(11195179225,4,2),
(11195076282,4,NULL),
(11195066219,7,NULL),
(11195039754,4,NULL),
(11194989346,4,4),
(11194961054,7,3),
(11194954263,4,3),
(11194920277,7,NULL),
(11194900330,4,4),
(11194891989,7,NULL),
(11194849863,4,4),
(11194843964,7,NULL),
(11194829061,7,1),
(11194813341,4,NULL),
(11194803464,7,NULL),
(11194788206,4,1),
(11194750007,7,NULL),
(11194745843,4,4),
(11194730478,7,7),
(11194712396,4,4),
(11194696722,4,NULL),
(11194685573,7,7),
(11194668213,7,7),
(11193143275,8,8),
(11193106622,6,NULL),
(11193079846,6,NULL),
(11193077706,8,8),
(11193056402,8,NULL),
(11193015885,6,8),
(11193014352,6,NULL),
(11193005806,8,NULL),
(11193001622,8,NULL),
(11192969252,8,NULL),
(11192941992,8,NULL),
(11192926088,8,8),
(11192912689,8,NULL),
(11192896692,8,2),
(11192851224,8,NULL),
(11192826723,6,6),
(11192825924,8,NULL),
(11192823616,8,NULL),
(11192819794,8,8),
(11192802150,6,6),
(11192787953,8,3),
(11192773162,6,9),
(11192769222,9,9),
(11192766339,8,NULL),
(11192747710,8,NULL),
(11192742397,6,NULL),
(11192717225,8,2),
(11192712341,6,6),
(11192685606,8,8),
(11192685604,8,2),
(11192672998,8,8),
(11192670902,6,5),
(11192646613,8,8),
(11192569750,8,8),
(11192544701,8,NULL),
(11192528263,8,8),
(11192523763,8,NULL),
(11192518569,8,NULL),
(11192497696,8,NULL),
(11192409761,8,NULL),
(11192367795,8,8),
(11192324750,8,NULL),
(11192308348,8,8),
(11192128490,3,3),
(11192084771,3,3),
(11191972912,9,NULL),
(11191938452,9,NULL),
(11191928548,3,3),
(11191885948,3,3),
(11191865188,3,2),
(11191864423,9,NULL),
(11191862152,9,9),
(11191852624,9,9),
(11191823721,3,NULL),
(11191821952,9,NULL),
(11191790774,9,9),
(11191772139,3,3),
(11191760230,9,2),
(11191758181,9,NULL),
(11191730643,9,9),
(11191721170,9,NULL),
(11191711496,3,3),
(11191706026,9,9),
(11191691891,9,7),
(11191669191,9,9),
(11191666012,9,8),
(11191626855,9,2),
(11191619369,9,NULL),
(11191611632,9,NULL),
(11191610756,3,3),
(11191606877,9,NULL),
(11191579200,9,9),
(11191573617,9,NULL),
(11191569601,3,NULL),
(11191554672,9,NULL),
(11191539246,9,9),
(11191531874,3,NULL),
(11191521646,9,2),
(11191507447,9,NULL),
(11191497815,9,NULL),
(11191494986,3,3),
(11191474499,9,NULL),
(11191449636,9,9),
(11191446365,3,3),
(11191433164,9,NULL),
(11191390100,9,NULL),
(11191367629,3,5),
(11191339647,3,3),
(11191338482,9,9),
(11191305793,3,NULL),
(11191276000,3,3),
(11191257168,3,NULL),
(11191242266,3,3),
(11191226253,3,3),
(11191212255,3,NULL),
(11191197049,3,NULL),
(11191171235,3,NULL),
(11191147687,3,2),
(11191128173,3,NULL),
(11189436694,5,5),
(11189400874,5,NULL),
(11189360205,5,NULL),
(11189156358,7,7),
(11189137538,1,NULL),
(11189105475,1,NULL),
(11189086296,3,3),
(11189080269,1,NULL),
(11189039568,3,NULL),
(11189038787,1,1),
(11188980803,3,NULL),
(11188974778,1,1),
(11188959453,3,NULL),
(11188891737,3,NULL),
(11188877410,1,NULL),
(11188865039,3,NULL),
(11188845460,1,NULL),
(11188836617,5,2),
(11188823977,5,5),
(11188814666,3,NULL),
(11188801369,1,5),
(11188747446,8,8),
(11188747380,3,NULL),
(11188745893,1,1),
(11188701643,3,3),
(11188679264,1,NULL),
(11188652386,3,8),
(11188648353,1,2),
(11188610512,3,2),
(11188583710,3,NULL),
(11188571079,4,4),
(11188533142,4,4),
(11188523579,3,2),
(11188512936,4,4),
(11188490590,4,4),
(11188483765,4,NULL),
(11188467507,3,3),
(11188437445,4,4),
(11188435407,4,4),
(11188330886,5,NULL),
(11188322618,1,1),
(11188317590,5,NULL),
(11188293899,1,2),
(11188283528,5,NULL),
(11188267654,1,NULL),
(11188260275,4,4),
(11188253093,5,5),
(11188246928,4,4),
(11188245784,1,NULL),
(11188245398,4,NULL),
(11188218871,4,4),
(11188207494,5,NULL),
(11188206285,4,4),
(11188201919,4,NULL),
(11188187118,4,NULL),
(11188177655,4,4),
(11188169152,4,NULL),
(11188169002,5,NULL),
(11188155017,4,NULL),
(11188150857,4,5),
(11188149720,5,5),
(11188108075,1,NULL),
(11188091395,3,8),
(11188083061,1,1),
(11188076934,5,NULL),
(11188053422,4,NULL),
(11188052580,5,NULL),
(11188050885,1,NULL),
(11188033722,1,2),
(11188026304,4,4),
(11188024310,5,NULL),
(11188021072,4,NULL),
(11188014226,1,NULL),
(11188013281,3,3),
(11188004007,4,NULL),
(11188002861,5,NULL),
(11188001527,4,NULL),
(11187999120,1,1),
(11187986619,3,NULL),
(11187971664,1,1),
(11187966922,3,3),
(11187965830,3,NULL),
(11187953173,1,1),
(11187942862,1,NULL),
(11187934321,3,NULL),
(11187920695,3,3),
(11187918050,4,NULL),
(11187909802,1,NULL),
(11187908376,4,NULL),
(11187889785,3,1),
(11187870687,4,NULL),
(11187862632,4,NULL),
(11187840271,4,NULL),
(11187826432,4,NULL),
(11187813009,4,NULL),
(11186534754,9,NULL),
(11186532196,5,5),
(11186532141,9,9),
(11186527797,9,NULL),
(11186506270,9,5),
(11186503238,6,6),
(11186499495,9,NULL),
(11186497432,5,5),
(11186491391,9,9),
(11186490197,9,NULL),
(11186485667,6,8),
(11186482046,9,9),
(11186481461,9,NULL),
(11186471915,9,NULL),
(11186471579,9,NULL),
(11186466504,6,NULL),
(11186454604,6,NULL),
(11186452675,5,2),
(11186442374,5,NULL),
(11186430066,6,NULL),
(11186429643,5,2),
(11186421964,9,NULL),
(11186416684,9,NULL),
(11186413914,5,NULL),
(11186412054,6,6),
(11186408766,6,NULL),
(11186408075,9,5),
(11186402510,6,NULL),
(11186395948,6,NULL),
(11186391163,9,NULL),
(11186390852,9,NULL),
(11186389992,5,NULL),
(11186389247,6,8),
(11186387900,9,NULL),
(11186383178,6,4),
(11186380341,6,NULL),
(11186376927,9,NULL),
(11186374560,9,NULL),
(11186372598,6,2),
(11186369731,9,2),
(11186361028,6,6),
(11186358208,9,9),
(11186358102,5,5),
(11186353595,9,9),
(11186346564,6,6),
(11186342724,9,9),
(11186335526,9,NULL),
(11186325639,6,6),
(11186319236,6,NULL),
(11186315357,9,9),
(11186312908,6,6),
(11186309572,5,2),
(11186303426,9,9),
(11186299148,6,3),
(11186296440,9,NULL),
(11186294372,5,5),
(11186292411,9,8),
(11186291822,9,9),
(11186285174,9,8),
(11186283314,6,6),
(11186279873,5,5),
(11186274631,6,6),
(11186270848,5,2),
(11186269751,6,6),
(11186268838,9,9),
(11186263252,6,6),
(11186262894,5,NULL),
(11186252284,5,6),
(11186251708,5,7),
(11186251272,6,2),
(11186248138,9,NULL),
(11186242842,6,6),
(11186240187,5,7),
(11186236777,9,2),
(11186236366,5,NULL),
(11186228117,5,5),
(11186225422,5,5),
(11186217794,6,6),
(11186211374,6,2),
(11186210703,6,NULL),
(11186206067,9,8),
(11186205578,6,NULL),
(11186205020,9,9),
(11186204849,6,2),
(11186201187,9,9),
(11186198157,9,9),
(11186196986,9,2),
(11186188848,9,NULL),
(11186186595,6,6),
(11186181260,6,NULL),
(11186180419,9,9),
(11186178814,6,2),
(11186169877,9,NULL),
(11186167084,6,6),
(11186165587,6,NULL),
(11186165519,9,2),
(11186165371,5,5),
(11186164424,9,9),
(11186159516,5,5),
(11186155070,6,6),
(11186154846,9,NULL),
(11186152159,9,NULL),
(11186147991,5,NULL),
(11186147841,5,5),
(11186143906,6,NULL),
(11186142791,9,NULL),
(11186139524,9,NULL),
(11186138448,9,NULL),
(11186134658,6,2),
(11186134232,5,2),
(11186131159,9,NULL),
(11186126909,5,2),
(11186125505,5,NULL),
(11186117474,6,NULL),
(11186113023,5,8),
(11186108236,5,5),
(11186108176,6,6),
(11186103670,6,6),
(11186099132,5,NULL),
(11186086570,5,2),
(11186071894,5,5),
(11186063274,5,8),
(11186010139,1,2),
(11185287750,2,2),
(11185283828,7,7),
(11185282731,1,7),
(11185280555,3,3),
(11185277778,4,4),
(11185273586,7,7),
(11185272686,1,1),
(11185265564,4,4),
(11185261402,3,2),
(11185259224,4,NULL),
(11185253416,7,7),
(11185250549,2,2),
(11185249868,3,NULL),
(11185249349,4,4),
(11185238408,2,7),
(11185231277,3,NULL),
(11185224663,7,7),
(11185216583,7,2),
(11185212086,5,5),
(11185209298,2,2),
(11185206627,7,NULL),
(11185204150,1,1),
(11185201389,5,5),
(11185200344,7,2),
(11185196714,7,3),
(11185192118,7,7),
(11185190630,1,7),
(11185190296,3,2),
(11185188666,5,8),
(11185187904,4,NULL),
(11185186874,2,NULL),
(11185182850,8,2),
(11185182400,7,NULL),
(11185179262,4,NULL),
(11185176905,2,4),
(11185173219,7,NULL),
(11185172069,3,5),
(11185171203,1,1),
(11185167237,8,8),
(11185163671,7,7),
(11185162496,7,NULL),
(11185160639,3,NULL),
(11185158996,2,2),
(11185155412,1,NULL),
(11185150443,2,2),
(11185146451,7,NULL),
(11185138749,7,7),
(11185128974,2,5),
(11185125296,3,NULL),
(11185123485,1,NULL),
(11185121981,4,4),
(11185114653,5,NULL),
(11185114496,7,NULL),
(11185112223,3,NULL),
(11185105455,7,NULL),
(11185104389,1,1),
(11185103932,4,4),
(11185102397,2,2),
(11185102387,7,NULL),
(11185092616,7,7),
(11185091378,7,NULL),
(11185090849,3,3),
(11185086060,5,3),
(11185084903,1,2),
(11185076735,1,1),
(11185076351,3,3),
(11185076212,7,7),
(11185066425,1,NULL),
(11185065115,2,2),
(11185061689,7,3),
(11185058532,3,3),
(11185043594,8,8),
(11185040345,4,NULL),
(11185036094,8,2),
(11185027456,2,2),
(11185024117,4,NULL),
(11185021552,2,2),
(11185018481,8,5),
(11185016211,2,NULL),
(11185014666,4,4),
(11185008480,3,NULL),
(11185007425,2,2),
(11185001407,4,4),
(11184996904,8,2),
(11184996890,3,NULL),
(11184993244,2,2),
(11184991802,4,4),
(11184988898,7,NULL),
(11184984229,3,NULL),
(11184981003,7,NULL),
(11184979930,2,2),
(11184972816,7,7),
(11184968903,2,NULL),
(11184968712,3,NULL),
(11184963682,4,NULL),
(11184957875,7,2),
(11184951045,7,2),
(11184942981,3,2),
(11184938587,1,1),
(11184936131,8,2),
(11184935409,7,2),
(11184934500,1,2),
(11184930583,5,5),
(11184928065,1,9),
(11184923465,7,7),
(11184915705,1,NULL),
(11184915200,5,2),
(11184915178,7,7),
(11184910007,3,2),
(11184906726,4,2),
(11184899004,4,4),
(11184898897,3,NULL),
(11184894937,7,NULL),
(11184892989,1,1),
(11184892505,8,2),
(11184886322,4,3),
(11184881882,1,NULL),
(11184879831,5,5),
(11184876840,4,4),
(11184873706,3,3),
(11184869378,2,2),
(11184863242,1,1),
(11184857575,7,7),
(11184857331,4,NULL),
(11184855692,8,8),
(11184854712,2,2),
(11184854362,1,NULL),
(11184853533,8,6),
(11184851193,3,2),
(11184846220,2,2),
(11184845260,4,NULL),
(11184844521,8,NULL),
(11184844475,7,2),
(11184844024,7,8),
(11184843869,3,5),
(11184842260,1,1),
(11184836356,2,2),
(11184835233,4,NULL),
(11184834511,7,2),
(11184833278,8,8),
(11184831554,1,NULL),
(11184830740,5,2),
(11184829731,3,2),
(11184828113,2,2),
(11184826965,7,7),
(11184825322,1,NULL),
(11184824684,2,2),
(11184824061,8,NULL),
(11184822699,4,NULL),
(11184820860,7,2),
(11184818396,3,NULL),
(11184816743,7,3),
(11184815125,5,8),
(11184813852,2,NULL),
(11184811222,1,2),
(11184807979,8,2),
(11184807843,7,NULL),
(11184807396,4,4),
(11184806050,3,NULL),
(11184803258,7,NULL),
(11184803113,2,NULL),
(11184798668,1,NULL),
(11184796958,2,NULL),
(11184796811,7,NULL),
(11184795625,3,NULL),
(11184794889,7,NULL),
(11184794360,4,8),
(11184788787,2,2),
(11184785706,5,7),
(11184784605,7,7),
(11184784475,7,7),
(11184782791,4,4),
(11184777910,3,3),
(11184777132,7,NULL),
(11184776193,8,8),
(11184775495,8,NULL),
(11184773705,5,5),
(11184768695,8,NULL),
(11184768413,7,7),
(11184765357,7,7),
(11184760696,7,NULL),
(11184757595,8,NULL),
(11184753585,7,7),
(11184744835,7,7),
(11184145224,1,2),
(11183990344,1,NULL),
(11183974182,1,1),
(11183952368,1,1),
(11183941822,1,NULL),
(11183921872,1,NULL),
(11183917230,5,5),
(11183910621,1,NULL),
(11183898223,1,NULL),
(11183876149,1,NULL),
(11183870468,1,NULL),
(11183850837,2,NULL),
(11183843595,7,NULL),
(11183842132,1,NULL),
(11183834370,7,NULL),
(11183833685,2,2),
(11183829380,7,6),
(11183826790,2,2),
(11183818644,2,2),
(11183793931,4,4),
(11183792546,2,2),
(11183789095,7,NULL),
(11183787073,1,NULL),
(11183786102,2,2),
(11183781430,7,NULL),
(11183753130,7,7),
(11183752237,2,2),
(11183750908,7,NULL),
(11183738891,8,8),
(11183738177,7,NULL),
(11183718490,1,1),
(11183718384,4,4),
(11183710420,4,4),
(11183707552,7,NULL),
(11183701801,7,7),
(11183700668,2,2),
(11183700351,1,1),
(11183693690,4,2),
(11183685282,2,2),
(11183683708,7,NULL),
(11183678264,2,2),
(11183671207,2,2),
(11183663274,2,2),
(11183658236,5,2),
(11183652547,1,NULL),
(11183651749,8,8),
(11183630259,1,NULL),
(11183574217,1,NULL),
(11183573283,2,2),
(11183552140,3,3),
(11183541957,1,1),
(11183531816,2,NULL),
(11183531523,8,8),
(11183524697,4,8),
(11183523884,2,2),
(11183511358,8,NULL),
(11183505466,2,2),
(11183458207,2,2),
(11183434438,1,1),
(11183432525,2,2),
(11183432073,7,7),
(11183411180,4,4),
(11183408738,2,2),
(11183403872,7,NULL),
(11183399453,3,3),
(11183395616,4,4),
(11183385881,1,1),
(11183382377,4,4),
(11183369876,4,4),
(11183358931,2,2),
(11183340402,3,3),
(11183336516,2,2),
(11183333998,7,7),
(11183331900,4,4),
(11183325898,7,NULL),
(11183305939,2,2),
(11183283550,7,NULL),
(11183281371,7,7),
(11183244271,2,2),
(11183199406,2,2),
(11183185468,2,2),
(11176670106,2,2),
(11176647420,2,2),
(11176607355,2,2),
(11176594485,2,9),
(11176577651,2,2),
(11176551456,2,2),
(11176537059,2,2),
(11176535785,2,9),
(11176504859,2,2),
(11176457360,2,5),
(11176176050,2,9),
(11176136921,2,NULL),
(11176075644,2,2),
(11176033972,2,2),
(11176021014,2,2),
(11175986212,2,7),
(11175912594,2,2),
(11175877344,2,2),
(11175868883,2,2);
